0.019685039370078705,0.09591008143947888,0.04233512524064498,0.17711578400716155,-0.37264557429598355,0.2880000000030911,-0.21988742964294172,-0.04261862917353132,0
0.03693931398416872,-0.11186008552736826,0.17635660830622935,-0.13419496768871153,0.6935704514363885,-0.3142857142857143,0.5432525951557095,-0.42907801418439706,1
-0.1718750000000001,-0.15002925929370037,-0.26803738800564036,-0.3916772107408969,0.10260723296888141,0.0,-0.038461538461538436,0.09395973154362414,0
0.10086455331412103,0.2528877422486535,0.193824036260285,0.4301173881144533,0.18470705064548154,0.03333333333333344,-0.1425389755011136,0.12,1
-0.11377245508982026,-0.11365977097091606,-0.12551978641187655,-0.07693324520819567,-0.2275985663082437,0.17391304347826098,-0.14164904862579275,-0.12811387900355853,0
-0.18289085545722716,-0.09228035685914449,-0.13055607697436133,-0.03497114880223817,0.10123966942148765,-0.04347826086956508,-0.02010050251256279,-0.0,1
0.344943820223208,0.3972577919896676,0.32456323996414915,0.1615571776165694,-0.15966274090048216,0.24840764331051135,0.19900990099049465,0.2741514360313315,1
-0.18918918918918914,0.09257149582080726,-0.18757567833940092,-0.1364179104477612,-0.16047144152311876,0.19999999999999996,0.00749999999999984,0.10942249240121571,1
-0.35127478753541075,-0.327117896214037,-0.23755263481995004,-0.17417061611374407,0.3529411764705883,-0.33333333333333326,0.6027777777777779,-0.16333333333333333,0
-0.11854103343465039,-0.1509467666731451,-0.11526294998226883,-0.04036029793868001,-0.04155124653739617,0.6111111111111109,0.022784810126582178,0.24860335195530725,1
0.02614379084967311,-0.16878211082434946,0.14102022181171936,-0.19798009802465466,0.07770700636942673,0.040000000000000036,0.38486842105263164,-0.047770700636942776,1
0.4178082191780821,0.1977979697709047,0.49773383416633044,-0.05289455547897992,0.5923645320197046,0.0,0.5303514376996805,-0.171875,1
-0.09124087591240881,-0.2779099141473502,0.056959094417288414,-0.39860378001021624,0.2909336941813261,0.04347826086956519,0.6568265682656824,-0.09395973154362425,0
0.05217391304347818,0.2909873756565582,0.29682749703047695,0.16207298136645965,0.6332622601279316,0.03703703703703698,0.08855291576673863,-0.5665024630541873,1
0.026717557251908275,0.007132417363401311,-0.05104331836938836,-0.2074898785425101,-0.0593723494486853,-0.13043478260869557,-0.10792951541850215,-0.23880597014925375,0
-0.0449438202247191,0.018817376236754724,-0.030922894152461855,0.03470085470085471,0.13459268004722547,0.39130434782608714,0.1542288557213929,0.1339285714285714,1
-0.13194444444444442,0.15343295650404798,-0.1074091684350984,0.009215965303923657,-0.43803743044992416,0.0,-0.07415565345154185,-0.26149425287500017,0
-0.01253918495297801,-0.3580887189604295,0.017067364020658227,-0.20479388910838936,0.29384756657483924,0.43999999999999995,0.3517241379310345,0.02310231023102305,0
0.006779661016949046,0.2223083026233934,0.170028182791355,0.45596790371113327,0.30493827160493825,0.0,-0.15063520871143388,0.022408963585434316,1
-0.07365439093484405,-0.06547102514116587,-0.19635326460745905,-0.36868236791852327,0.03995793901156697,0.09090909090909083,0.0884718498659518,-0.044673539518900185,0
-0.25441696113074197,0.059909656256253774,-0.24785576002654497,-0.1986196319018405,0.13218820014936505,0.04761904761904767,0.0,0.0782918149466193,0
-0.15116279069767435,0.020941466932001607,-0.09787554205529903,-0.011597715077029669,0.09613656783468105,0.0,-0.10362694300518138,0.1795580110497238,0
0.18181818181818166,0.2542500370851608,0.24474428284110838,0.34566326530612246,0.015116279069767424,0.41176470588235303,0.3933933933933935,-0.09034267912772576,0
0.05204460966542768,-0.22936473065106255,-0.03642616472649274,-0.17733915925870125,0.6863572433192688,0.19999999999999996,0.39375000000000004,0.1777777777777778,1
0.03956834532374098,-0.1591998989072524,-0.13159123288553332,-0.24424532674185073,-0.40897097625329815,-0.16666666666666663,0.34042553191489344,-0.16387959866220725,0
0.025830258302582898,-0.07909283670026279,0.08834462632585716,-0.2411562563169598,-0.33526011560693636,-0.1428571428571429,0.2250000000000001,-0.12215909090909083,1
-0.04778156996587035,0.05004465303175998,-0.2108870747219681,-0.055428309665597864,-0.23828125,-0.03846153846153855,-0.11823647294589179,0.02651515151515149,1
-0.06318681318681307,0.07753350221184374,0.0017501075581409786,-0.01822014756813739,0.38215488215488214,0.2962962962962963,0.11788079470198687,-0.006557377049180246,0
0.2734375,-0.07391912031281178,0.09197791138103972,-0.07921011759485241,0.40530649588289114,-0.1071428571428571,0.12468827930174564,-0.17708333333333326,1
-0.15410958904109584,0.12186545994619569,-0.013547165370922154,0.02452210851515746,-0.2468300929839392,0.40909090909090895,0.24637681159420288,0.07947019867549665,0
0.24100719424460437,-0.0255596450987714,0.058810029125823116,0.2694556083302886,-0.04300168634064072,-0.07407407407407418,-0.11607142857142849,0.018796992481203034,0
-0.17868338557993724,0.02137335176473587,-0.1454195494757834,-0.23900156006240247,0.11531938948558507,-0.12903225806451613,-0.15434782608695652,-0.0462633451957295,0
0.504464285714286,0.663765534689005,0.6457294421479591,0.9136935991605457,1.0163636363636366,-0.09090909090909094,0.39869281045751626,0.08587257617728539,1
0.046979865771812124,0.16522309423936932,0.7054946722599806,0.6589550298934237,1.098976109215017,-0.13636363636363646,0.2359550561797752,-0.40140845070422526,0
0.04067796610169494,0.11757305359802284,0.11678747924856814,0.02943848809740146,0.07573964497041419,0.23809523809523814,0.30201342281879184,-0.012658227848101111,1
0.14508836827103777,0.22892406206949345,0.09576678812100115,0.7031829264202567,-0.2362058276484469,-0.0471204188476686,-0.2515578878313396,-0.05914718019402909,1
0.16224188790560468,-0.1075565237111239,0.10814158237100058,-0.15058885801243893,0.01946721311475419,0.04347826086956519,0.31686046511627897,-0.13761467889908263,1
-0.1611842105263157,-0.060880429193559626,-0.08019126363500528,-0.06110747051114018,0.13692162417374876,0.08333333333333348,0.3041237113402062,-0.1387900355871885,0
0.17337461300309598,-0.1326647117407832,-0.02240505462966802,-0.2206231661310606,0.6930422919508867,0.04545454545454519,0.19161676646706582,-0.04266666666666663,1
-0.20019157088218387,-0.05351044906223057,-0.07208056191718071,0.10180059807787756,0.21799210378172584,-0.03030303030454551,-0.028000000000000025,0.0742971887560242,1
0.31683168316831667,0.09947379730546402,-0.00859868244941664,-0.13035444313791356,-0.0635551142005959,0.3333333333333335,0.3514285714285714,-0.16236162361623618,1
-0.1208791208791209,0.19099367306188242,-0.022439261623299567,0.2238022314591992,-0.5513698630136986,-0.23809523809642852,-0.27069351230425054,-0.04761904761904767,1
-0.2694610778443114,0.0250649099213065,-0.35784715001069356,-0.2645520499409483,0.14689265536723162,0.04166666666666674,0.2448453608247423,0.2693409742120344,0
-0.38247566063977756,-0.31655168398254063,-0.19399292497157528,-0.33156041112628476,0.1032338308457712,-0.15384615384615385,0.33333333333333326,-0.10487444608567209,0
0.0989761092150172,-0.00425633027733352,-0.009627603719919997,-0.04642966595157838,1.523489932885906,0.7647058823529411,0.38243626062322944,0.14803625377643514,0
0.0,0.05618027415697835,0.160457141795473,0.4290605606676652,0.10532407407407396,-0.09677419354838723,-0.1630648330058938,-0.19999999999999996,1
0.38709677419354827,-0.15687657210986228,0.24570120336522705,-0.21923240334230287,0.8691588785046727,0.34782608695652195,0.6782334384858046,0.04230769230769238,1
-0.20991253644314856,-0.1924305574804136,-0.08270949230405289,-0.1869130566495003,0.49693877551020393,-0.2592592592592593,0.23103448275862082,-0.1282051282051282,1
0.2581818181818183,0.018971166090504532,0.22051641771037245,-0.17634194831013916,0.1001914486279516,0.04166666666666674,-0.10515873015873012,-0.008771929824561209,0
-0.39622641509433965,-0.21929631727747745,-0.3701269271554173,-0.4311901873567866,-0.09839999999999993,-0.19999999999999996,-0.15107913669064754,-0.02006688963210701,0
-0.14556962025316456,0.014306515618664362,0.05622768019823643,0.13208732527092804,-0.10696095076400669,-0.27586206896551724,-0.046979865771812124,-0.08561643835616439,1
0.47697194282611055,0.44270498835752226,0.43796566869742604,0.5390220048914807,-0.19942706038078584,-0.08363636363769655,-0.021393912660334635,-0.07879295892752669,1
0.08135593220338988,0.30548148954694554,-0.040660198556995986,0.3220300920727599,-0.3858736059479554,0.04347826086956519,-0.4203935599284436,-0.008771929824561209,0
0.0033003300330032292,-0.0010985295119416705,0.02630872144273866,-0.03513513513513522,-0.24478442280945767,-0.34285714285714286,-0.032863849765258135,-0.18771331058020468,1
-0.016129032258064502,-0.011259737978696283,0.13242933121663225,0.15517536355859707,-0.06927710843373491,0.19999999999999996,-0.045454545454545414,-0.014925373134328401,0
-0.0888252148997134,-0.06268016602388438,-0.09389107379172801,-0.24515393386545037,0.3250883392226147,0.33333333333333326,0.01538461538461533,0.2116788321167884,0
-0.02713178294573637,0.04944147371933094,0.024953854495890493,0.10461245839277233,-0.10549450549450556,-0.18181818181818188,-0.14342629482071723,-0.1909385113268609,1
-0.003472222222222321,0.14234346226130334,0.11479354162093602,0.33890921763373405,0.3479289940828403,0.0,-0.05500000000000005,-0.05993690851735023,1
-0.32564841498559083,-0.069482569198549,-0.14867960452593687,0.12632508833922262,-0.0483516483516484,-0.27586206896551724,-0.0970149253731345,0.16257668711656448,0
-0.25072046109510093,-0.1187106278598602,-0.14539432531468477,-0.20732251823187964,0.14901047729918515,-0.11111111111111116,-0.10752688172043012,0.1887905604719764,1
-0.3105413105413106,-0.25230398963620304,-0.19908100400413886,-0.0789152955514929,0.25031766200762395,-0.2222222222222222,-0.05128205128205143,-0.0,0
-0.10579345088161218,-0.058163777271813544,-0.10704574109426068,-0.08207831325301207,-0.2839224629418473,0.07692307692307687,-0.13948497854077258,-0.1225165562913908,0
0.04761904761904767,-0.27927794687452023,0.015463188688444651,-0.09445624879273717,-0.20040691759918616,0.30434782608695654,0.3690851735015772,0.12048192771084343,0
0.42910447761194015,0.33304141763760353,0.2735083722974865,0.1420723621898088,0.15764023210831724,0.29166666666666674,0.14320388349514568,-0.14144736842105288,1
-0.1139471285331688,0.07713790764171491,-0.11348636204430684,0.3485680190922742,-0.15703307718036863,-0.03703703703703709,-0.34979423868312753,0.23842195540374056,0
-0.19047619047619047,-0.11281973410705914,-0.18017367664197004,-0.1335223611290115,-0.47538574577516524,-0.2962962962962964,-0.2060185185185186,-0.12927756653992395,0
0.011428571428571344,-0.191811765587086,-0.13683563889701722,0.0703735881841876,-0.24915540540540537,-0.08333333333333326,-0.21291866028708128,0.05369127516778527,1
0.09963099630996308,-0.13836439631931463,0.042189421156487494,-0.24433497536945814,0.3297161936560937,0.17391304347826098,0.26086956521739135,-0.028571428571428692,0
0.07720588235294112,-0.02540002789494189,0.026282215152720223,-0.11290871934604918,0.21532846715328469,-0.04347826086956508,0.008219178082191636,0.11726384364820841,1
-0.30330330330330324,-0.2505659127637102,-0.3137741575656956,-0.31126628172418436,0.3452544704264098,-0.08000000000000007,0.2675585284280937,0.044117647058823484,1
0.10912343470482999,0.14249932258589637,-0.009127213824910663,-0.17113120627879208,0.5681282413955682,0.03571428571428581,0.3057247259439708,-0.071559633027523,1
0.023026315789473673,-0.003292422257463956,0.18697022476569636,-0.12076974120769735,0.6279357231149565,-0.2812500000000001,0.2691358024691357,-0.1387900355871885,1
0.32713754646840165,-0.017062712925358547,-0.07740191244878858,-0.0974287484510532,0.08342989571263049,-0.050000000000000044,-0.19347319347319336,0.01577287066246058,0
0.2773109243697478,0.35774862096871707,0.4409135523804346,0.45883315158124316,0.6252100840336134,0.04545454545454519,0.09181141439205964,-0.023648648648648685,0
-0.2421052631578947,-0.3874104380662037,-0.3004985596946198,-0.3728013728013727,0.33452380952380945,-0.06896551724137923,0.09478672985782,0.015503875968992276,1
0.2384937238493725,0.14032616740180592,0.32314311594202905,0.2915899324739104,-0.006116207951070374,-0.11111111111111116,-0.13381995133819946,-0.021201413427561766,0
-0.03273809523809523,-0.02695973150921216,0.02058784561496485,-0.2131003268795575,0.4708121827411169,-0.11111111111111116,0.6265432098765433,-0.2068965517241379,1
-0.03459119496855345,-0.15611625708836907,-0.10273217865035722,-0.16485040618189017,0.17178612059158116,0.09090909090909083,-0.09683794466403162,0.19559902200489,0
0.09756097560975618,-0.16804002221385883,0.04789088008883291,-0.052279528252068386,0.04887585532746819,0.6666666666666665,-0.007894736842105177,0.07645259938837934,1
-0.3828125,-0.18407380810449114,-0.24101791910482961,0.07625587278641133,-0.2279411764705882,0.15384615384615374,-0.20379965457685656,0.21929824561403521,1
-0.05714285714285716,-0.04115070857866687,-0.23150868355076348,-0.07791469194312806,-0.18878865979381432,0.12903225806451601,0.12761506276150625,-0.08219178082191791,1
-0.07552870090634445,-0.14036688420023424,-0.1778503936777318,-0.2499353838201085,0.30486358244365364,0.07407407407407396,0.2294117647058822,-0.02491103202846978,0
0.3586497890295359,0.09077366198837145,0.05942670517734583,0.039249739492879465,0.03413284132841321,-0.07407407407407418,-0.3362255965292842,0.20209973753280852,1
0.08759124087591252,0.04892107644770061,-0.03306094811873961,-0.0027448962086121798,0.005464480874316946,0.2272727272727273,0.18484848484848482,-0.07246376811594213,0
0.1576923076923078,0.17375634804852802,0.5443597851672011,0.2059359067734885,0.01352657004830915,0.08333333333333348,0.7014388489208632,-0.02602230483271395,1
-0.034055727554179516,0.1394354398944162,0.1976571861407157,0.3330620549338761,0.15795206971677556,-0.06060606060606055,0.0,-0.25306122448979584,1
0.46113989637305686,0.39016287189406196,0.25880542878082147,0.9467134652201661,-0.01635991820040883,0.15384615384615374,-0.24961479198767333,-0.24015748031496065,1
-0.09014778325172412,0.07238069299184868,0.08002564495978381,0.17537373846429927,-0.049741345004642556,0.013605442176190419,-0.13887043189302317,-0.010535187525073875,1
0.08441558441558428,0.2937524027894569,0.16478210751798694,0.1984214390602057,-0.31493506493506496,0.4761904761904763,-0.21507760532150777,0.1253561253561254,0
0.39150943396226423,0.4607987030330818,0.166695709804773,0.14518879415347152,-0.13551401869158886,-0.15999999999999992,-0.062211981566820174,-0.37179487179487203,1
-0.17455621301775148,-0.12495778130595492,-0.06040946501469613,0.15083040069086873,0.03742690058771925,0.0,0.10126582278481022,0.09198813056379829,0
-0.0662020905923344,0.1453541189645089,-0.09395849588270622,0.21023903632599295,-0.17317487266553477,0.09090909090909083,-0.1496881496881497,0.35561497326203206,1
0.5344827586206897,0.33107955634180586,0.48800639851240346,0.17076476282671837,-0.040000000000000036,0.0,0.1778975741239892,0.08910891089108908,1
0.296875,0.18171997776477533,0.2795593313647966,0.2031607402786444,-0.3531409168081494,0.09090909090909083,-0.15226337448559668,0.0035842293906809264,1
-0.2232142857142857,-0.1481646510818233,-0.15243280665792236,-0.2940243902439025,0.39726027397260255,0.21052631578947367,0.5809859154929577,0.2048929663608563,0
-0.39403973509933776,-0.40681485188428756,-0.1522916629177089,-0.04790286975717439,0.18065068493150682,-0.13793103448275856,0.24438202247191,0.10943396226415092,0
0.05384615384615388,-0.10450422761242528,0.11403245514373306,-0.13601305250667461,0.11538461538461542,0.11538461538461542,-0.08869179600886923,-0.20769230769230762,1
0.18390804597701127,0.011899943673040925,-0.04841562373982122,0.24913644214162356,-0.2740425531914894,-0.04347826086956508,-0.0875576036866359,-0.04137931034482767,0
-0.4398976982097187,-0.4004479813091626,-0.3687716114566294,-0.4037960011590843,0.22509578544061304,0.08333333333333348,0.28232189973614785,0.090032154340836,0
0.08247422680412364,-0.21022320278351536,-0.0505579642791546,-0.31403595579746,0.3610526315789475,0.368421052631579,0.2942708333333335,0.13144329896907203,1
0.3707865168539326,0.09200851796622467,0.24262302678919667,0.2325675130995568,-0.26827485380116967,0.2962962962962963,-0.23554603854389722,0.14181818181818173,1
0.02941176470588247,-0.028301855191021574,0.18769964249820137,0.09608915054667766,-0.34439834024896265,-0.14814814814814825,0.026960784313725616,-0.2260536398467432,0
-0.024316109422492294,9.11198485320508e-05,0.09905365613490247,0.01562834510811384,-0.15696389093588792,-0.09375000000000011,-0.024943310657596363,-0.06737588652482285,0
-0.10655737704918034,-0.054468373325025965,0.06312500806622134,0.016555801921655622,-0.04673650282030617,0.31034482758620685,0.04941176470588249,-0.04797047970479684,0
0.17218543046357615,0.12846811491887666,0.08775192765437323,0.41595441595441596,0.12659574468085122,0.0869565217391306,0.027568922305764465,-0.016393442622950838,1
-0.34679543459232065,-0.25926697053993064,-0.27863081779564935,-0.26564838454121587,-0.05790816326770942,0.4716981132047704,0.15758091993284284,0.14041745730468735,0
-0.276056338028169,-0.24176864157551525,-0.28207324573883774,-0.27000299670362604,-0.26916376306620204,0.17391304347826098,-0.22522522522522526,0.06164383561643838,0
-0.24545454545454548,-0.09339665809745279,-0.12741838466119415,-0.09754608716884383,0.3584117032392895,0.03846153846153855,0.07500000000000018,0.10963455149501666,1
-0.02614379084967322,-0.16737694562333616,0.17685158168249182,0.05245746691871456,0.21821460775473378,0.368421052631579,0.15921787709497215,-0.06194690265486735,0
0.027397260273972712,0.03359360907289721,0.24370730210411073,0.3567691985771082,-0.5362903225806452,-0.2962962962962964,-0.09406952965235182,-0.09183673469387754,1
0.1470588235294117,0.4699797986427545,0.1430730534471809,0.5094242189517171,-0.045454545454545525,-0.08333333333333326,-0.24574209245742096,-0.193103448275862,1
-0.0317848410757946,0.08153137745873229,-0.0858015822104341,-0.12526121696373693,-0.14500000000000002,-0.29032258064516125,-0.014925373134328401,-0.07089552238805963,0
0.16600790513833985,-0.0038667071587886737,0.07370781497010115,-0.0596938775510204,0.1840968020743301,0.03846153846153855,-0.0914396887159532,0.07667731629392982,1
0.046875,0.19471552805513914,-0.036436461064281,0.12524743566672658,0.09504550050556104,0.23809523809523814,-0.1794310722100657,-0.0608974358974359,0
0.2213438735177864,0.33424172983539036,0.04552695928763528,0.39173363949483364,-0.2569536423841059,-0.20000000000000007,-0.3339882121807466,-0.19183673469387763,1
0.4041666666666668,0.8562797505064408,0.39908500775051525,0.5864554680830882,-0.34720616570327556,0.5483870967741935,-0.11592356687898087,0.046476761619190454,1
-0.08291457286432158,-0.16412450569926162,-0.15904137893662984,-0.16950516293415596,0.49724517906336096,0.08000000000000007,0.14888337468982638,0.23167848699763594,0
0.2765151515151516,-0.11892587444043301,0.07482703662114676,0.11677186654643812,-0.168103448275862,-0.13793103448275856,-0.12362030905077248,-0.010714285714285676,0
-0.09148264984227128,-0.08251545448385089,-0.12320791410845733,-0.24208536777445266,0.025163094128611396,0.20833333333333326,0.20608899297423888,-0.18146718146718155,1
-0.1428571428571428,-0.02990902168724141,0.03284637608340657,-0.005193767479025224,0.25121241513094095,-0.18518518518518512,0.14457831325301207,0.019736842105263053,0
-0.29084967320261446,-0.30890165282966897,-0.15499773435581332,-0.20177474402730367,-0.13197026022304825,-0.2499999999999999,0.0024937655860348684,0.042857142857142816,1
0.19850187265917607,0.3004849982544169,0.19542754841300147,1.0437669043521023,-0.4720149253731343,0.034482758620689724,-0.16384180790960456,-0.12043795620437958,1
-0.12274368231046928,-0.07594144163930872,-0.12328692715972056,0.0949576739050424,-0.18210609659540777,-0.29411764705986154,-0.2544117647053341,0.17832764505189558,0
-0.009345794392523366,-0.05010691528573019,0.15707440491428848,0.029074336005029178,0.24021739130434772,-0.12121212121212122,-0.05089058524173029,0.025179856115107868,1
0.07725321888412018,-0.11685227593506464,-0.03303085390595184,-0.15525587828492382,0.16732438831886354,0.040000000000000036,0.1311881188118813,-0.019607843137254832,0
0.014925373134328401,0.051200201415428914,0.05735050070051528,0.3197161900666521,-0.37037037037037035,-0.04166666666666674,0.010178117048346147,0.02580645161290329,0
0.2996254681647941,0.39333552639376546,0.31391122084614276,0.6431497496586256,-0.3401459854014598,-0.2333333333333334,-0.12499999999999989,-0.10197368421052633,1
-0.38761467889908263,-0.09032973485813567,-0.10490136837587172,-0.156610800744879,0.10599721059972089,-0.34615384615384615,0.17067307692307687,-0.08659217877094982,1
-0.02127659574468077,-0.19168952405791073,-0.07820064877781097,-0.05875299760191843,-0.3037865748709122,0.08000000000000007,-0.04218362282878396,0.21865889212827982,0
-0.024464831804281495,-0.13933214249318848,-0.1762791978462368,-0.2341422393080249,0.046859421734795736,-0.15999999999999992,-0.03305785123966931,0.006756756756756799,0
0.013605442176870763,-0.05903379591900815,0.0436670901409284,-0.11071981969291456,0.6714490674318507,0.0,0.2786458333333335,-0.17692307692307696,0
-0.343108504398827,-0.27536951124935527,-0.2940551696061301,-0.31203498237827965,0.11459403905447085,-0.23809523809523814,-0.14974619289340096,0.19770773638968475,0
-0.14066496163682862,0.3107585535750872,-0.03391227401267405,0.12081750768674282,1.046816479400749,0.0,-0.16523605150214593,0.05399061032863861,0
0.07615894039735105,0.05049170567601058,-0.015557647316474355,-0.025851581508515853,-0.05373406193078312,-0.07407407407407418,-0.037694013303769425,-0.2057761732851986,0
-0.43442622950819676,-0.23590203211679694,-0.24679429666342856,0.16054541455905014,0.09856630824372759,-0.16666666666666663,0.11019283746556474,0.3875338753387533,1
0.4357541899441342,0.05679934511773954,-0.020328978046307067,-0.19189532982009805,0.48565121412803536,0.0869565217391306,-0.08767772511848348,-0.24344569288389528,0
-0.05818181818181822,-0.30690469088915917,-0.11834401030689123,0.028346831824678453,-0.2338762214983714,0.23809523809523814,0.06262230919765166,0.13043478260869557,0
-0.29508196721311475,-0.13088684973732223,-0.27052373394892515,-0.13868613138686137,-0.1498847040737894,-0.1785714285714286,-0.1759834368530021,0.40384615384615385,1
0.33653846153846145,-0.14350018049175794,0.19337465103938345,0.16122131466355505,0.0173333333333332,0.19999999999999996,0.2344213649851632,-0.03821656050955413,0
-0.12365591397849462,-0.11723501015342697,-0.10034787288225178,-0.17492211838006222,-0.16989066442388567,0.0,0.1017699115044246,0.032163742690058506,1
-0.09243697478991608,-0.019618190303753114,-0.16664908638948195,0.13423039054808017,0.03547066848567537,0.040000000000000036,-0.040000000000000036,0.345679012345679,1
0.35199999999999987,0.08316486263647582,0.2989425315905494,-0.016606041436027175,0.23037100949094036,0.16666666666666674,0.41369863013698627,-0.03300330033003296,0
0.45994065281682484,0.2733839312470545,0.2484363977094699,0.32554708630358653,-0.11288343558064518,-0.0543478260879845,0.17445742904939432,-0.01624999999872978,1
-0.07964601769911506,-0.16224034053876668,0.005740144051734619,-0.07104206667830326,-0.07426597582037997,-0.14814814814814825,-0.05210918114143903,0.18766756032171572,0
-0.06122448979591821,0.12130581469589852,0.20863529010300197,0.22076271186440688,-0.31212121212121213,-0.07407407407407418,-0.08299595141700411,0.11904761904761907,1
-0.18154761904761907,0.09276874388144951,-0.011407284768211845,-0.10917104593998983,0.43333333333333335,-0.2592592592592593,0.14388489208633093,-0.10963455149501655,1
0.12018140589455784,-0.017056758972383568,-0.12250720189184794,-0.26822956309940627,0.5142250530828025,0.2222222222222221,-0.02100456621095881,-0.12731481481597218,1
0.2558139534883721,0.5137636609972605,0.0987865135449979,0.2545728426942113,-0.3683274021352313,0.1499999999999999,-0.18262411347517726,-0.07643312101910826,0
0.23076923076923084,-0.15763993694731382,0.04433462188375281,-0.009577464788732448,-0.1651785714285714,-0.3214285714285714,-0.11521739130434772,-0.28519855595667876,1
0.09798270893371752,-0.03353650160982413,-0.06799790263904404,0.08797468354430382,-0.2575342465753424,0.3500000000000001,-0.034391534391534306,0.2612137203166227,0
-0.19113573407202222,-0.30163948072849245,-0.2461121013273323,-0.28558509676252486,-0.4173850574712643,0.08333333333333348,-0.08071748878923768,-0.046511627906976605,0
0.040247678018576094,-0.012507186119215863,0.1888440007288219,0.17302305537599638,-0.22731201382886768,-0.15999999999999992,0.07476635514018692,-0.128048780487805,1
-0.12076583210474356,-0.1739835556240238,-0.03838615623128139,-0.07728894173602852,0.3657718120805369,0.009090909092743793,0.5360962566865455,0.12783171521035597,1
-0.365196078430147,-0.24431653312290924,-0.139271872307416,-0.2155578300921187,0.45896656534954405,-0.1969696969681819,0.1329787234042552,-0.07814045499406519,0
-0.20000000000000007,-0.07182153305185757,-0.08524463454109643,-0.17840626111704028,-0.112059765208111,0.04166666666666674,-0.06714628297362124,-0.05900621118012417,1
0.15957446808510656,0.07690113373462748,0.062009477736963525,0.2433962264150944,0.18253079507278835,0.15999999999999992,-0.04387990762124705,0.07668711656441718,0
0.20333333333333337,0.06952219996725262,-0.00346037902902796,-0.013534917206623476,0.0,0.04545454545454519,0.04952830188679247,0.021406727828746308,1
-0.1301775147928994,0.22374412346465755,-0.0010134130558290266,0.3658254671546908,-0.583378598587724,-0.28,-0.17621145374449343,0.06451612903225823,0
0.21130952380952395,0.23699099855082162,0.40515119347305206,0.28814192343604095,-0.4231788079470199,-0.2647058823529411,-0.1490825688073395,-0.40892193308550184,0
0.07920792079207928,-0.10499697080848502,-0.06448160898058097,-0.06485106382978723,0.1600877192982455,0.19047619047619047,0.37430167597765385,0.032258064516129004,1
-0.06375838926174504,-0.15606088240503246,-0.07516181083499807,-0.22000807863201843,-0.1248868778280543,-0.21739130434782605,-0.06493506493506496,-0.020270270270270174,0
0.08139534883720922,0.012851602537243156,-0.021270557032422865,0.638244338831423,-0.42624671916010504,0.4999999999999998,-0.16827852998065773,-0.13725490196078427,0
0.028571428571428692,0.025496311421028484,0.04465954530522542,-0.16787321463510074,0.14536082474226797,0.11111111111111116,0.6050420168067225,0.09470752089136492,0
-0.07799442896935926,-0.08758334507474352,-0.05623880015994487,-0.2632545610383249,0.23342670401493937,0.7058823529411764,0.41428571428571437,0.014035087719298178,1
-0.35789473684210527,-0.15072543199704547,-0.22611304281060451,-0.13022700119474306,0.2927429274292743,-0.5,-0.03203661327231133,-0.3153846153846156,0
0.3799283154121864,0.1855241629913491,0.23317455258428987,0.04750103263114425,-0.19341563786008242,0.55,0.3783783783783783,0.10144927536231885,1
-0.24742268041237114,-0.2564888112420366,-0.24180220731605617,-0.31785500299580594,0.11284916201117312,0.0,-0.13551401869158874,0.10624999999999996,0
0.05846153846153834,0.09328908560966842,0.18978093714222033,0.2538959901943618,-0.21068249258160243,-0.1333333333333333,-0.19214876033057848,-0.03806228373702436,0
0.05973715651135003,0.05553410556546634,-0.026772993338629703,-0.09920734776044282,0.0868324500611497,-0.10389610389610382,-0.28462709284627086,0.19698870765370136,0
-0.25274725274725285,-0.1557488234498957,-0.0817733823836172,-0.09904622157006615,-0.3114754098360655,-0.2222222222222222,-0.18485523385300662,-0.17199999999999993,0
-0.12639405204460963,0.06171674727328802,-0.17523795436055278,-0.06184775936157161,-0.02248995983935742,-0.1785714285714286,-0.09429824561403521,-0.05508474576271172,0
-0.22480620155038766,-0.09850846556757842,-0.14321800679291963,-0.009759380784115645,-0.15456238361266306,-0.3548387096774194,-0.10221465076660985,-0.4022140221402213,0
-0.24100719424460426,-0.22170626566150586,-0.13273712043096275,0.12084157525624883,0.25411764705882356,0.10000000000000009,-0.08505747126436791,0.1628571428571428,1
-0.03809523809523807,-0.19385472474481036,-0.17109096490149078,0.007861635220125729,-0.10930074677528867,-0.38888888888888884,-0.21471172962226637,-0.18897637795275601,0
-0.0035211267605632646,0.11588098182088213,0.005154292654058645,0.12500000000000022,-0.2713393476752255,0.15384615384615374,-0.12380952380952381,-0.04635761589403975,0
-0.17757009345794406,-0.16486993484495605,-0.30835972090356656,-0.36519761985359456,0.12037987679383888,-0.12999999999913003,-0.11913104414918074,-0.05043227665857408,0
0.06622516556291402,-0.095845754379145,-0.1086393314237516,-0.1267039747453006,0.4396482813749001,0.07692307692307687,0.0755148741418763,-0.17449664429530198,0
0.11627906976744184,0.3694177668341525,0.2103774337599038,0.18907861970828876,0.23719376391982183,-0.13636363636363646,-0.1572052401746724,-0.3187500000000001,0
0.18518518518518512,0.14236098684684118,0.18556282675117397,0.12213579987386991,-0.008078994614003632,0.04545454545454519,0.04854368932038833,0.10256410256410253,1
-0.20270270270270274,0.007825351726565621,-0.1599142134218826,0.0214455917394758,-0.10651289009497977,-0.06060606060606055,0.060948081264108334,-0.03791469194312791,0
0.16082659478930816,-0.10051646785079105,-0.17347903477008908,-0.18766411531286664,-0.2808204914620991,0.1883116883136362,0.06435006434909907,-0.02447708055140163,0
-0.3512931034482758,-0.1495635785367152,-0.25344997112413015,-0.10821673116999098,0.6194968553459119,0.0,0.4054054054054055,0.06434316353887393,0
0.10877192982456152,0.3744831482900206,0.13015095987192882,-0.007784854918612805,0.3120759837177747,-0.040000000000000036,0.22191780821917817,-0.17207792207792205,0
-0.22615803814713908,-0.1247160412408771,-0.2470582097974332,0.10571413823253728,-0.38767342582547404,-0.08641975308518524,-0.3213728549136673,0.19425173438968701,0
-0.101010101010101,-0.07973463256645597,-0.08004754746005671,0.09229758581047798,-0.31109763493026077,-0.08695652173913038,-0.13659793814432986,0.0725552050473186,0
-0.22774327122049698,0.07592132017574493,0.05293890734904805,0.35216797541823164,-0.2732884399553872,-0.2962962962962964,0.052980132450331174,-0.14631043256870235,1
-0.37468354430379747,-0.1836197102192323,-0.28354366411272114,0.10434412265758097,-0.012366034624896938,-0.1724137931034483,-0.11914893617021283,0.04220779220779225,0
0.09293680297397766,0.3590547319277857,0.20736957333063732,0.21742172468077658,-0.09149392423159408,-0.04166666666666674,-0.122,-0.053003533568904526,1
0.03205128205128216,0.015664172950150768,-0.03866369491749755,-0.1296266878474981,0.37593184238551625,0.0,0.2413793103448274,-0.23961661341853024,1
0.4413793103448276,0.1858088238747584,0.07623981764079146,0.0020376175548588726,0.020366598778004175,-0.09090909090909094,-0.021857923497267895,-0.12048192771084332,0
-0.22077922077922074,-0.34688339240848876,-0.23686978781713697,-0.12165354330708666,0.4472807991120977,-0.2222222222222222,-0.10897435897435881,-0.03875968992248069,0
0.08750000000000013,-0.01684826661783778,0.14847349802312793,-0.08724235963041915,0.04290718038528896,0.21739130434782616,0.3950953678474114,-0.08171206225680949,1
-0.16088328075709768,-0.036424935614683185,-0.1838301711842364,-0.2870059792912353,0.9433962264150946,0.11111111111111094,0.20560747663551404,-0.14448669201520925,1
0.023648648648648685,0.22500118986739315,0.07382424050925018,0.32105888342100797,0.26771653543307083,0.0,-0.2599580712788261,0.2647887323943662,1
0.14873417721518978,-0.07331331384174355,-0.005492219094897277,0.07166430928807177,-0.030197444831591147,-0.2413793103448275,-0.06829268292682922,0.05792682926829262,1
-0.12784090909090917,-0.06780283213569094,-0.12498348361236777,-0.08369209574651282,-0.03107113654946847,0.39130434782608714,0.03455723542116629,0.05654761904761907,0
0.2441471571906355,-0.08670608295683047,0.28973366541015966,0.03679823871677934,0.1053149606299213,0.4761904761904763,0.28869047619047605,0.3094555873925501,1
-0.0219780219780219,-0.18967662531078044,-0.05677862318429738,-0.08730598669623058,0.10978956999085088,-0.1333333333333333,0.009456264775413947,-0.3155893536121672,0
-0.078125,-0.020530353987385896,-0.1446823112351775,-0.3680384087791495,0.626884422110553,-0.11999999999999988,0.4783950617283952,-0.10561056105610556,0
0.04285714285714293,-0.060366050360119106,-0.1126236100069069,-0.23965231788079466,0.12091503267973858,0.38888888888888884,0.01298701298701288,0.10967741935483866,1
0.04460966542750944,-0.13827987982354717,-0.16905042454523855,-0.19402415766052128,-0.030601092896174853,0.8124999999999998,0.10479041916167664,0.14067278287461782,0
0.05144694533762073,0.0021568307932999797,-0.08787836458389287,-0.177406523468576,0.11718061674008817,-0.13636363636363646,-0.03351955307262555,-0.08333333333333326,1
0.029900332225913484,0.26449620044695954,-0.04540619392927603,0.12033121916842848,-0.27630375114364136,0.2857142857142858,-0.091324200913242,-0.05862068965517242,0
-0.36363636363636354,-0.16983930413323534,-0.2875860029303917,-0.15834438061570189,0.05893358278765204,-0.11111111111111116,0.22383720930232576,-0.006116207951070152,0
0.11151079136690645,-0.05207662840705196,0.09820864771970306,0.13684412838746884,-0.032258064516129004,-0.1923076923076923,0.06976744186046502,-0.12927756653992395,1
0.5236363636363637,0.21313298556867566,0.16834610302477793,-0.01872659176029967,-0.0754169688179841,-0.16666666666666663,0.00219780219780219,-0.36226415094339637,1
0.015625,0.13624561697974436,0.11471091740039485,0.17909356725146197,-0.059433962264150875,-0.19999999999999996,0.09433962264150941,-0.17586206896551726,1
-0.30790190735694833,-0.23862451315892408,-0.15679058520457867,-0.10320678215997048,0.16883116883116878,0.44999999999999996,0.45856353591160204,0.3197831978319783,1
-0.37023370233702335,-0.43186872153815414,-0.37229192321916993,-0.28864948056944983,-0.018257694314032347,-0.25,0.04772727272727284,0.231132075471698,0
0.446043165467626,0.24760515439866215,0.35674112492677756,0.40232889733840316,-0.13996763754045305,0.15999999999999992,-0.20449438202247194,-0.3034482758620689,0
0.27125506072874495,0.1183352231865793,-0.07867891455967724,-0.09367872271098077,0.24210526315789482,0.3181818181818181,-0.12869198312236285,0.04150943396226425,1
0.4065040650406504,0.0990973071980128,0.1134643190240967,0.23969610636277316,-0.26296958855098385,0.040000000000000036,-0.06203473945409432,-0.18978102189781043,1
0.41484716157205237,0.3467915680110476,0.15576881850869118,0.23383383383383372,-0.1404833836858007,-0.25806451612903236,-0.1772428884026258,-0.040000000000000036,1
-0.24293785310734461,-0.03692260578469342,-0.04754864503369349,-0.3055352709215715,0.5221143473570657,-0.2058823529411764,0.47077922077922074,-0.16862745098039222,1
0.15873015873015883,-0.13721456494378537,-0.02268555534284522,-0.005023022185014714,-0.4639296187683284,0.0,-0.052516411378555894,0.047761194029850795,1
-0.17662337662337668,0.05630387406845294,-0.0734106267442447,0.09932985852568876,0.23057644110275688,0.17391304347826098,0.20103092783505172,0.11614730878186963,1
0.47058823529411775,0.042035769765585984,0.10703689774769143,0.0,-0.34504391468005013,0.04545454545454519,-0.3252336448598131,-0.195571955719557,0
-0.16568047337278102,-0.18111956885127178,0.014790164061791788,0.26610516731163214,-0.15915627996164905,-0.24,0.14492753623188404,-0.1654411764705883,0
0.12048192771084332,-0.04448869902808028,-0.015418997009930546,0.10971016865891592,0.36613475177304955,0.0,-0.015037593984962405,0.08679245283018866,1
-0.1339285714285714,0.11675288979714105,-0.032378487111915044,-0.021668150786583462,0.22401433691756267,-0.21739130434782605,-0.13740458015267165,-0.09025270758122739,0
0.25266903914590744,0.05591952872744366,0.06786055673925051,-0.17398028223467998,-0.24891209747606624,0.09523809523809512,0.1179361179361178,-0.03960396039603964,1
0.27464788732394374,0.3023880151726388,0.22272523080254225,0.288512323943662,-0.3288364249578415,-0.11111111111111116,-0.41565217391304343,0.2163934426229509,0
-0.10093299406106859,-0.012255010317840376,-0.10549177947619504,-0.2662937271568584,-0.13035817152912466,-0.006858710562962944,0.0046296296302084095,-0.09297052154227425,0
-0.17882352941176471,0.1381113606705644,-0.11780131706038788,-0.01466006963533073,0.23003575685339683,-0.09090909090909094,0.04859335038363177,-0.03403141361256545,1
-0.15576323987538943,-0.2899004764221935,-0.2309786737897388,-0.07637304122927113,0.05414273995077923,0.18181818181818166,-0.006912442396313279,0.04746835443037978,1
0.2185430463576159,-0.034180918229073654,0.11679806385150537,-0.023642281994175174,0.07403936269915645,0.04166666666666674,-0.07211538461538458,0.03960396039603953,0
-0.08130081300813008,0.1919311337713896,-0.08373167884979127,-0.00019004180919801605,-0.2429268292682928,0.1499999999999999,0.2448275862068967,-0.3846153846153846,0
-0.037617554858934144,-0.131296492815266,-0.1763059437758574,-0.2721619476051865,-0.0483516483516484,-0.11538461538461553,0.038004750593824355,-0.0029761904761904656,0
0.16725978647686812,0.317753489749639,0.2528143281873918,0.08262377798801634,0.10601363918164908,0.5609756097560978,0.24035608308605316,-0.06204379562043805,1
-0.47883597883597884,-0.3002998886014514,-0.27365814100853114,-0.22250686184812452,0.009537784299339602,0.04761904761904767,0.20759493670886076,0.2661498708010337,1
0.30165289256198347,0.1750567110835488,0.1301960313966437,-0.13651877133105805,-0.035996488147497896,0.28,0.12169312169312163,0.26116838487972516,0
0.05027932960893877,0.012669675040474448,0.06841614968386422,-0.14583333333333348,-0.3733221476510067,0.11538461538461542,0.007858546168958647,-0.180515759312321,0
-0.018181818181818188,-0.15761406813211032,-0.03853260313551177,-0.2969356089992242,-0.05344827586206902,-0.04761904761904767,0.0945273631840795,-0.26315789473684204,1
-0.2957130358713911,-0.17394602377165191,-0.23045178431570934,-0.10713198124063572,-0.2763761467889908,-0.25,-0.11575091575164831,0.038427167112600524,1
-0.17132505176086965,-0.2523900874370638,-0.17865300077397994,-0.15204328306688142,-0.1865079365078125,-0.054421768709523866,-0.093847758080292,0.08537108537237237,0
0.006688963210702337,-0.14283524911742618,-0.08061633807111834,0.14393690437068685,-0.2136812411847674,0.1923076923076923,-0.14915966386554624,0.20317460317460312,0
-0.25,-0.20991636076286535,-0.37193466596357605,-0.35227085053674656,-0.10600706713780916,-0.2413793103448275,-0.20628683693516703,0.050156739811912154,0
-0.234375,-0.3995509158858017,-0.19573527442041527,-0.26592754528419726,0.27098078867542963,-0.08000000000000007,0.24264705882352966,0.1404011461318051,0
0.2768166089965398,0.5798424649166927,0.19244883685570935,0.36311861743912033,-0.32736156351791534,-0.27586206896551724,-0.12289156626506026,-0.03284671532846728,1
0.37803138373555223,0.5619839820062993,0.5589643293783049,0.6801393728222995,-0.00189753320683117,0.10526315789473695,0.12151898734177213,-0.3537414965986394,1
-0.21563981042654035,-0.2095286989302969,-0.1701335655227345,-0.02595541401273882,0.04144527098831041,-0.14814814814814825,0.05865921787709505,-0.05263157894736836,1
0.17295597484276715,-0.04484260264929141,0.048379335701972837,-0.11443542934415152,-0.3292576419213974,0.6315789473684212,-0.058700209643606005,0.12499999999999989,1
0.08906882591093113,0.14771725315487116,0.14115223539307298,0.2667597765363128,-0.10639938319198139,0.04166666666666674,-0.021226415094339535,-0.17218543046357615,0
0.4222222222222223,0.22684783017137122,0.08356195701874736,-0.02727621974644645,-0.011235955056179803,0.7058823529411764,0.20615384615384613,0.3045822102425876,1
0.09818181818181815,0.19761380010683705,0.19733048485323024,0.17569635751453938,-0.2705971277399849,-0.1923076923076923,-0.0815850815850816,-0.2260536398467432,1
-0.04687499999999989,-0.08586647566930594,-0.10548311369260344,0.044160194913963835,-0.005506607929515406,0.0,-0.2315789473684211,-0.12195121951219523,0
-0.0873786407766991,-0.08002484822466982,-0.11146149122679772,-0.06905548791094096,0.06493506493506485,-0.07142857142857129,0.05970149253731338,-0.09642857142857131,0
0.14802631578947367,0.10253043821876129,0.05183234890617694,0.2683706070287539,-0.4803288314738696,0.040000000000000036,0.23107569721115517,0.10256410256410253,1
0.16666666666666674,0.10274421203799955,0.19402454545802006,0.613061797752809,0.009970089730807485,-0.4193548387096774,-0.25568181818181823,-0.17192982456140338,0
0.3948497854077253,0.41930248486095123,0.6199880058067606,0.6669632925472746,0.026011560693641522,0.14814814814814814,0.2051282051282053,-0.2260536398467432,1
-0.028735632183908066,0.0741993502981122,-0.1297629709236372,-0.05351681957186549,-0.08497409326424876,0.38095238095238093,-0.06528189910979232,-0.19691119691119696,1
0.13310580204778155,0.02432445043160225,0.017909319721324035,-0.1557045105432202,0.03360581289736597,0.10526315789473695,0.11038961038961048,0.010273972602739767,0
0.09349593495934938,0.34857959362306157,0.04823671107875982,0.4990574929311973,-0.09292649098474326,0.0,-0.2700421940928269,-0.1605351170568563,0
0.10276679841897218,-0.1184831717733511,-0.16184435144532439,-0.028116213683224034,0.09297912713472489,0.19999999999999996,0.054704595185995686,0.10060975609756084,1
-0.039735099337748325,-0.0030142534554263856,-0.08377105106406024,0.21592306832159247,0.32735426008968616,0.368421052631579,0.4293628808864265,0.09470752089136492,0
-0.04620462046204632,-0.14333106459878386,-0.12248774977956822,-0.13267940113577703,0.3950495049504952,0.19047619047619047,-0.11546840958605664,0.32361516034985416,1
0.06644518272425248,0.11134551274590554,0.05498205687951718,0.2005669737774629,0.2430355427473585,0.0,0.1694444444444445,0.12386706948640491,1
-0.260958205911315,0.03131849689864108,-0.24155659380811068,-0.24414890149227453,0.31924882629107976,0.2222222222238095,-0.0919540229891107,0.010658914729651081,0
0.08292682926829276,0.017518038373026013,-0.19472689592187986,-0.20173228346456695,-0.02857142857142858,0.1499999999999999,-0.03350515463917514,0.2754716981132076,1
0.14759036144578297,0.2523171552841941,0.13330969723637054,0.13082731451083385,0.3139120095124852,0.11999999999999988,-0.020224719101123556,-0.08333333333333348,0
0.13788968824820147,-0.03135751769656292,0.11281556879613808,0.010434691415762254,-0.2568306010928961,0.03703703703703698,-0.23948220064660186,0.051124744377300746,0
-0.11731843575418988,-0.09503424692861462,-0.12714512370934505,0.1587752525252526,-0.021505376344086113,0.040000000000000036,-0.03448275862068961,0.09756097560975618,1
-0.25479452054794527,-0.19372968780345767,-0.11276876950497294,-0.2681564245810055,-0.32944915254237295,-0.1071428571428571,0.013544018058690765,0.16997167138810187,0
-0.1223776223776224,-0.27921221653782224,-0.23248398402109882,-0.4239419946729801,0.19858156028368779,-0.034482758620689724,0.46802325581395365,0.24683544303797467,0
0.6068376068376069,0.029493724609931826,0.17811259007040214,-0.09850180816256249,-0.07540983606557383,0.2857142857142858,0.07065217391304346,0.0461538461538461,1
0.009202453987730008,-0.052562823937768455,-0.15817343101911086,0.14365120722598568,0.05232558139534893,0.5625,-0.020725388601036343,0.07766990291262132,1
0.2987421383647797,0.12270490620928554,0.10619094045297728,0.12745775729646702,-0.20722501797268145,0.1428571428571428,0.03328981723237612,-0.20220588235294135,0
0.29457364341085257,0.09908951964057322,0.02004895160506459,-0.08684499816782698,-0.2433234421364986,0.2857142857142858,-0.22903885480572594,-0.08561643835616439,1
-0.29190751445086704,-0.3377309281226426,-0.14546128511632173,-0.33621954798943343,0.32180293501048207,-0.13793103448275856,0.4117647058823528,0.06060606060606066,0
0.019685039370078705,0.09591008143947888,0.04233512524064498,0.17711578400716155,-0.37264557429598355,0.2880000000030911,-0.21988742964294172,-0.04261862917353132,0
0.03693931398416872,-0.11186008552736826,0.17635660830622935,-0.13419496768871153,0.6935704514363885,-0.3142857142857143,0.5432525951557095,-0.42907801418439706,1
-0.1718750000000001,-0.15002925929370037,-0.26803738800564036,-0.3916772107408969,0.10260723296888141,0.0,-0.038461538461538436,0.09395973154362414,0
0.10086455331412103,0.2528877422486535,0.193824036260285,0.4301173881144533,0.18470705064548154,0.03333333333333344,-0.1425389755011136,0.12,1
-0.11377245508982026,-0.11365977097091606,-0.12551978641187655,-0.07693324520819567,-0.2275985663082437,0.17391304347826098,-0.14164904862579275,-0.12811387900355853,0
-0.18289085545722716,-0.09228035685914449,-0.13055607697436133,-0.03497114880223817,0.10123966942148765,-0.04347826086956508,-0.02010050251256279,-0.0,1
0.344943820223208,0.3972577919896676,0.32456323996414915,0.1615571776165694,-0.15966274090048216,0.24840764331051135,0.19900990099049465,0.2741514360313315,1
-0.18918918918918914,0.09257149582080726,-0.18757567833940092,-0.1364179104477612,-0.16047144152311876,0.19999999999999996,0.00749999999999984,0.10942249240121571,1
-0.35127478753541075,-0.327117896214037,-0.23755263481995004,-0.17417061611374407,0.3529411764705883,-0.33333333333333326,0.6027777777777779,-0.16333333333333333,0
-0.11854103343465039,-0.1509467666731451,-0.11526294998226883,-0.04036029793868001,-0.04155124653739617,0.6111111111111109,0.022784810126582178,0.24860335195530725,1
0.02614379084967311,-0.16878211082434946,0.14102022181171936,-0.19798009802465466,0.07770700636942673,0.040000000000000036,0.38486842105263164,-0.047770700636942776,1
0.4178082191780821,0.1977979697709047,0.49773383416633044,-0.05289455547897992,0.5923645320197046,0.0,0.5303514376996805,-0.171875,1
-0.09124087591240881,-0.2779099141473502,0.056959094417288414,-0.39860378001021624,0.2909336941813261,0.04347826086956519,0.6568265682656824,-0.09395973154362425,0
0.05217391304347818,0.2909873756565582,0.29682749703047695,0.16207298136645965,0.6332622601279316,0.03703703703703698,0.08855291576673863,-0.5665024630541873,1
0.026717557251908275,0.007132417363401311,-0.05104331836938836,-0.2074898785425101,-0.0593723494486853,-0.13043478260869557,-0.10792951541850215,-0.23880597014925375,0
-0.0449438202247191,0.018817376236754724,-0.030922894152461855,0.03470085470085471,0.13459268004722547,0.39130434782608714,0.1542288557213929,0.1339285714285714,1
-0.13194444444444442,0.15343295650404798,-0.1074091684350984,0.009215965303923657,-0.43803743044992416,0.0,-0.07415565345154185,-0.26149425287500017,0
-0.01253918495297801,-0.3580887189604295,0.017067364020658227,-0.20479388910838936,0.29384756657483924,0.43999999999999995,0.3517241379310345,0.02310231023102305,0
0.006779661016949046,0.2223083026233934,0.170028182791355,0.45596790371113327,0.30493827160493825,0.0,-0.15063520871143388,0.022408963585434316,1
-0.07365439093484405,-0.06547102514116587,-0.19635326460745905,-0.36868236791852327,0.03995793901156697,0.09090909090909083,0.0884718498659518,-0.044673539518900185,0
-0.25441696113074197,0.059909656256253774,-0.24785576002654497,-0.1986196319018405,0.13218820014936505,0.04761904761904767,0.0,0.0782918149466193,0
-0.15116279069767435,0.020941466932001607,-0.09787554205529903,-0.011597715077029669,0.09613656783468105,0.0,-0.10362694300518138,0.1795580110497238,0
0.18181818181818166,0.2542500370851608,0.24474428284110838,0.34566326530612246,0.015116279069767424,0.41176470588235303,0.3933933933933935,-0.09034267912772576,0
0.05204460966542768,-0.22936473065106255,-0.03642616472649274,-0.17733915925870125,0.6863572433192688,0.19999999999999996,0.39375000000000004,0.1777777777777778,1
0.03956834532374098,-0.1591998989072524,-0.13159123288553332,-0.24424532674185073,-0.40897097625329815,-0.16666666666666663,0.34042553191489344,-0.16387959866220725,0
0.025830258302582898,-0.07909283670026279,0.08834462632585716,-0.2411562563169598,-0.33526011560693636,-0.1428571428571429,0.2250000000000001,-0.12215909090909083,1
-0.04778156996587035,0.05004465303175998,-0.2108870747219681,-0.055428309665597864,-0.23828125,-0.03846153846153855,-0.11823647294589179,0.02651515151515149,1
-0.06318681318681307,0.07753350221184374,0.0017501075581409786,-0.01822014756813739,0.38215488215488214,0.2962962962962963,0.11788079470198687,-0.006557377049180246,0
0.2734375,-0.07391912031281178,0.09197791138103972,-0.07921011759485241,0.40530649588289114,-0.1071428571428571,0.12468827930174564,-0.17708333333333326,1
-0.15410958904109584,0.12186545994619569,-0.013547165370922154,0.02452210851515746,-0.2468300929839392,0.40909090909090895,0.24637681159420288,0.07947019867549665,0
0.24100719424460437,-0.0255596450987714,0.058810029125823116,0.2694556083302886,-0.04300168634064072,-0.07407407407407418,-0.11607142857142849,0.018796992481203034,0
-0.17868338557993724,0.02137335176473587,-0.1454195494757834,-0.23900156006240247,0.11531938948558507,-0.12903225806451613,-0.15434782608695652,-0.0462633451957295,0
0.504464285714286,0.663765534689005,0.6457294421479591,0.9136935991605457,1.0163636363636366,-0.09090909090909094,0.39869281045751626,0.08587257617728539,1
0.046979865771812124,0.16522309423936932,0.7054946722599806,0.6589550298934237,1.098976109215017,-0.13636363636363646,0.2359550561797752,-0.40140845070422526,0
0.04067796610169494,0.11757305359802284,0.11678747924856814,0.02943848809740146,0.07573964497041419,0.23809523809523814,0.30201342281879184,-0.012658227848101111,1
0.14508836827103777,0.22892406206949345,0.09576678812100115,0.7031829264202567,-0.2362058276484469,-0.0471204188476686,-0.2515578878313396,-0.05914718019402909,1
0.16224188790560468,-0.1075565237111239,0.10814158237100058,-0.15058885801243893,0.01946721311475419,0.04347826086956519,0.31686046511627897,-0.13761467889908263,1
-0.1611842105263157,-0.060880429193559626,-0.08019126363500528,-0.06110747051114018,0.13692162417374876,0.08333333333333348,0.3041237113402062,-0.1387900355871885,0
0.17337461300309598,-0.1326647117407832,-0.02240505462966802,-0.2206231661310606,0.6930422919508867,0.04545454545454519,0.19161676646706582,-0.04266666666666663,1
-0.20019157088218387,-0.05351044906223057,-0.07208056191718071,0.10180059807787756,0.21799210378172584,-0.03030303030454551,-0.028000000000000025,0.0742971887560242,1
0.31683168316831667,0.09947379730546402,-0.00859868244941664,-0.13035444313791356,-0.0635551142005959,0.3333333333333335,0.3514285714285714,-0.16236162361623618,1
-0.1208791208791209,0.19099367306188242,-0.022439261623299567,0.2238022314591992,-0.5513698630136986,-0.23809523809642852,-0.27069351230425054,-0.04761904761904767,1
-0.2694610778443114,0.0250649099213065,-0.35784715001069356,-0.2645520499409483,0.14689265536723162,0.04166666666666674,0.2448453608247423,0.2693409742120344,0
-0.38247566063977756,-0.31655168398254063,-0.19399292497157528,-0.33156041112628476,0.1032338308457712,-0.15384615384615385,0.33333333333333326,-0.10487444608567209,0
0.0989761092150172,-0.00425633027733352,-0.009627603719919997,-0.04642966595157838,1.523489932885906,0.7647058823529411,0.38243626062322944,0.14803625377643514,0
0.0,0.05618027415697835,0.160457141795473,0.4290605606676652,0.10532407407407396,-0.09677419354838723,-0.1630648330058938,-0.19999999999999996,1
0.38709677419354827,-0.15687657210986228,0.24570120336522705,-0.21923240334230287,0.8691588785046727,0.34782608695652195,0.6782334384858046,0.04230769230769238,1
-0.20991253644314856,-0.1924305574804136,-0.08270949230405289,-0.1869130566495003,0.49693877551020393,-0.2592592592592593,0.23103448275862082,-0.1282051282051282,1
0.2581818181818183,0.018971166090504532,0.22051641771037245,-0.17634194831013916,0.1001914486279516,0.04166666666666674,-0.10515873015873012,-0.008771929824561209,0
-0.39622641509433965,-0.21929631727747745,-0.3701269271554173,-0.4311901873567866,-0.09839999999999993,-0.19999999999999996,-0.15107913669064754,-0.02006688963210701,0
-0.14556962025316456,0.014306515618664362,0.05622768019823643,0.13208732527092804,-0.10696095076400669,-0.27586206896551724,-0.046979865771812124,-0.08561643835616439,1
0.47697194282611055,0.44270498835752226,0.43796566869742604,0.5390220048914807,-0.19942706038078584,-0.08363636363769655,-0.021393912660334635,-0.07879295892752669,1
0.08135593220338988,0.30548148954694554,-0.040660198556995986,0.3220300920727599,-0.3858736059479554,0.04347826086956519,-0.4203935599284436,-0.008771929824561209,0
0.0033003300330032292,-0.0010985295119416705,0.02630872144273866,-0.03513513513513522,-0.24478442280945767,-0.34285714285714286,-0.032863849765258135,-0.18771331058020468,1
-0.016129032258064502,-0.011259737978696283,0.13242933121663225,0.15517536355859707,-0.06927710843373491,0.19999999999999996,-0.045454545454545414,-0.014925373134328401,0
-0.0888252148997134,-0.06268016602388438,-0.09389107379172801,-0.24515393386545037,0.3250883392226147,0.33333333333333326,0.01538461538461533,0.2116788321167884,0
-0.02713178294573637,0.04944147371933094,0.024953854495890493,0.10461245839277233,-0.10549450549450556,-0.18181818181818188,-0.14342629482071723,-0.1909385113268609,1
-0.003472222222222321,0.14234346226130334,0.11479354162093602,0.33890921763373405,0.3479289940828403,0.0,-0.05500000000000005,-0.05993690851735023,1
-0.32564841498559083,-0.069482569198549,-0.14867960452593687,0.12632508833922262,-0.0483516483516484,-0.27586206896551724,-0.0970149253731345,0.16257668711656448,0
-0.25072046109510093,-0.1187106278598602,-0.14539432531468477,-0.20732251823187964,0.14901047729918515,-0.11111111111111116,-0.10752688172043012,0.1887905604719764,1
-0.3105413105413106,-0.25230398963620304,-0.19908100400413886,-0.0789152955514929,0.25031766200762395,-0.2222222222222222,-0.05128205128205143,-0.0,0
-0.10579345088161218,-0.058163777271813544,-0.10704574109426068,-0.08207831325301207,-0.2839224629418473,0.07692307692307687,-0.13948497854077258,-0.1225165562913908,0
0.04761904761904767,-0.27927794687452023,0.015463188688444651,-0.09445624879273717,-0.20040691759918616,0.30434782608695654,0.3690851735015772,0.12048192771084343,0
0.42910447761194015,0.33304141763760353,0.2735083722974865,0.1420723621898088,0.15764023210831724,0.29166666666666674,0.14320388349514568,-0.14144736842105288,1
-0.1139471285331688,0.07713790764171491,-0.11348636204430684,0.3485680190922742,-0.15703307718036863,-0.03703703703703709,-0.34979423868312753,0.23842195540374056,0
-0.19047619047619047,-0.11281973410705914,-0.18017367664197004,-0.1335223611290115,-0.47538574577516524,-0.2962962962962964,-0.2060185185185186,-0.12927756653992395,0
0.011428571428571344,-0.191811765587086,-0.13683563889701722,0.0703735881841876,-0.24915540540540537,-0.08333333333333326,-0.21291866028708128,0.05369127516778527,1
0.09963099630996308,-0.13836439631931463,0.042189421156487494,-0.24433497536945814,0.3297161936560937,0.17391304347826098,0.26086956521739135,-0.028571428571428692,0
0.07720588235294112,-0.02540002789494189,0.026282215152720223,-0.11290871934604918,0.21532846715328469,-0.04347826086956508,0.008219178082191636,0.11726384364820841,1
-0.30330330330330324,-0.2505659127637102,-0.3137741575656956,-0.31126628172418436,0.3452544704264098,-0.08000000000000007,0.2675585284280937,0.044117647058823484,1
0.10912343470482999,0.14249932258589637,-0.009127213824910663,-0.17113120627879208,0.5681282413955682,0.03571428571428581,0.3057247259439708,-0.071559633027523,1
0.023026315789473673,-0.003292422257463956,0.18697022476569636,-0.12076974120769735,0.6279357231149565,-0.2812500000000001,0.2691358024691357,-0.1387900355871885,1
0.32713754646840165,-0.017062712925358547,-0.07740191244878858,-0.0974287484510532,0.08342989571263049,-0.050000000000000044,-0.19347319347319336,0.01577287066246058,0
0.2773109243697478,0.35774862096871707,0.4409135523804346,0.45883315158124316,0.6252100840336134,0.04545454545454519,0.09181141439205964,-0.023648648648648685,0
-0.2421052631578947,-0.3874104380662037,-0.3004985596946198,-0.3728013728013727,0.33452380952380945,-0.06896551724137923,0.09478672985782,0.015503875968992276,1
0.2384937238493725,0.14032616740180592,0.32314311594202905,0.2915899324739104,-0.006116207951070374,-0.11111111111111116,-0.13381995133819946,-0.021201413427561766,0
-0.03273809523809523,-0.02695973150921216,0.02058784561496485,-0.2131003268795575,0.4708121827411169,-0.11111111111111116,0.6265432098765433,-0.2068965517241379,1
-0.03459119496855345,-0.15611625708836907,-0.10273217865035722,-0.16485040618189017,0.17178612059158116,0.09090909090909083,-0.09683794466403162,0.19559902200489,0
0.09756097560975618,-0.16804002221385883,0.04789088008883291,-0.052279528252068386,0.04887585532746819,0.6666666666666665,-0.007894736842105177,0.07645259938837934,1
-0.3828125,-0.18407380810449114,-0.24101791910482961,0.07625587278641133,-0.2279411764705882,0.15384615384615374,-0.20379965457685656,0.21929824561403521,1
-0.05714285714285716,-0.04115070857866687,-0.23150868355076348,-0.07791469194312806,-0.18878865979381432,0.12903225806451601,0.12761506276150625,-0.08219178082191791,1
-0.07552870090634445,-0.14036688420023424,-0.1778503936777318,-0.2499353838201085,0.30486358244365364,0.07407407407407396,0.2294117647058822,-0.02491103202846978,0
0.3586497890295359,0.09077366198837145,0.05942670517734583,0.039249739492879465,0.03413284132841321,-0.07407407407407418,-0.3362255965292842,0.20209973753280852,1
0.08759124087591252,0.04892107644770061,-0.03306094811873961,-0.0027448962086121798,0.005464480874316946,0.2272727272727273,0.18484848484848482,-0.07246376811594213,0
0.1576923076923078,0.17375634804852802,0.5443597851672011,0.2059359067734885,0.01352657004830915,0.08333333333333348,0.7014388489208632,-0.02602230483271395,1
-0.034055727554179516,0.1394354398944162,0.1976571861407157,0.3330620549338761,0.15795206971677556,-0.06060606060606055,0.0,-0.25306122448979584,1
0.46113989637305686,0.39016287189406196,0.25880542878082147,0.9467134652201661,-0.01635991820040883,0.15384615384615374,-0.24961479198767333,-0.24015748031496065,1
-0.09014778325172412,0.07238069299184868,0.08002564495978381,0.17537373846429927,-0.049741345004642556,0.013605442176190419,-0.13887043189302317,-0.010535187525073875,1
0.08441558441558428,0.2937524027894569,0.16478210751798694,0.1984214390602057,-0.31493506493506496,0.4761904761904763,-0.21507760532150777,0.1253561253561254,0
0.39150943396226423,0.4607987030330818,0.166695709804773,0.14518879415347152,-0.13551401869158886,-0.15999999999999992,-0.062211981566820174,-0.37179487179487203,1
-0.17455621301775148,-0.12495778130595492,-0.06040946501469613,0.15083040069086873,0.03742690058771925,0.0,0.10126582278481022,0.09198813056379829,0
-0.0662020905923344,0.1453541189645089,-0.09395849588270622,0.21023903632599295,-0.17317487266553477,0.09090909090909083,-0.1496881496881497,0.35561497326203206,1
0.5344827586206897,0.33107955634180586,0.48800639851240346,0.17076476282671837,-0.040000000000000036,0.0,0.1778975741239892,0.08910891089108908,1
0.296875,0.18171997776477533,0.2795593313647966,0.2031607402786444,-0.3531409168081494,0.09090909090909083,-0.15226337448559668,0.0035842293906809264,1
-0.2232142857142857,-0.1481646510818233,-0.15243280665792236,-0.2940243902439025,0.39726027397260255,0.21052631578947367,0.5809859154929577,0.2048929663608563,0
-0.39403973509933776,-0.40681485188428756,-0.1522916629177089,-0.04790286975717439,0.18065068493150682,-0.13793103448275856,0.24438202247191,0.10943396226415092,0
0.05384615384615388,-0.10450422761242528,0.11403245514373306,-0.13601305250667461,0.11538461538461542,0.11538461538461542,-0.08869179600886923,-0.20769230769230762,1
0.18390804597701127,0.011899943673040925,-0.04841562373982122,0.24913644214162356,-0.2740425531914894,-0.04347826086956508,-0.0875576036866359,-0.04137931034482767,0
-0.4398976982097187,-0.4004479813091626,-0.3687716114566294,-0.4037960011590843,0.22509578544061304,0.08333333333333348,0.28232189973614785,0.090032154340836,0
0.08247422680412364,-0.21022320278351536,-0.0505579642791546,-0.31403595579746,0.3610526315789475,0.368421052631579,0.2942708333333335,0.13144329896907203,1
0.3707865168539326,0.09200851796622467,0.24262302678919667,0.2325675130995568,-0.26827485380116967,0.2962962962962963,-0.23554603854389722,0.14181818181818173,1
0.02941176470588247,-0.028301855191021574,0.18769964249820137,0.09608915054667766,-0.34439834024896265,-0.14814814814814825,0.026960784313725616,-0.2260536398467432,0
-0.024316109422492294,9.11198485320508e-05,0.09905365613490247,0.01562834510811384,-0.15696389093588792,-0.09375000000000011,-0.024943310657596363,-0.06737588652482285,0
-0.10655737704918034,-0.054468373325025965,0.06312500806622134,0.016555801921655622,-0.04673650282030617,0.31034482758620685,0.04941176470588249,-0.04797047970479684,0
0.17218543046357615,0.12846811491887666,0.08775192765437323,0.41595441595441596,0.12659574468085122,0.0869565217391306,0.027568922305764465,-0.016393442622950838,1
-0.34679543459232065,-0.25926697053993064,-0.27863081779564935,-0.26564838454121587,-0.05790816326770942,0.4716981132047704,0.15758091993284284,0.14041745730468735,0
-0.276056338028169,-0.24176864157551525,-0.28207324573883774,-0.27000299670362604,-0.26916376306620204,0.17391304347826098,-0.22522522522522526,0.06164383561643838,0
-0.24545454545454548,-0.09339665809745279,-0.12741838466119415,-0.09754608716884383,0.3584117032392895,0.03846153846153855,0.07500000000000018,0.10963455149501666,1
-0.02614379084967322,-0.16737694562333616,0.17685158168249182,0.05245746691871456,0.21821460775473378,0.368421052631579,0.15921787709497215,-0.06194690265486735,0
0.027397260273972712,0.03359360907289721,0.24370730210411073,0.3567691985771082,-0.5362903225806452,-0.2962962962962964,-0.09406952965235182,-0.09183673469387754,1
0.1470588235294117,0.4699797986427545,0.1430730534471809,0.5094242189517171,-0.045454545454545525,-0.08333333333333326,-0.24574209245742096,-0.193103448275862,1
-0.0317848410757946,0.08153137745873229,-0.0858015822104341,-0.12526121696373693,-0.14500000000000002,-0.29032258064516125,-0.014925373134328401,-0.07089552238805963,0
0.16600790513833985,-0.0038667071587886737,0.07370781497010115,-0.0596938775510204,0.1840968020743301,0.03846153846153855,-0.0914396887159532,0.07667731629392982,1
0.046875,0.19471552805513914,-0.036436461064281,0.12524743566672658,0.09504550050556104,0.23809523809523814,-0.1794310722100657,-0.0608974358974359,0
0.2213438735177864,0.33424172983539036,0.04552695928763528,0.39173363949483364,-0.2569536423841059,-0.20000000000000007,-0.3339882121807466,-0.19183673469387763,1
0.4041666666666668,0.8562797505064408,0.39908500775051525,0.5864554680830882,-0.34720616570327556,0.5483870967741935,-0.11592356687898087,0.046476761619190454,1
-0.08291457286432158,-0.16412450569926162,-0.15904137893662984,-0.16950516293415596,0.49724517906336096,0.08000000000000007,0.14888337468982638,0.23167848699763594,0
0.2765151515151516,-0.11892587444043301,0.07482703662114676,0.11677186654643812,-0.168103448275862,-0.13793103448275856,-0.12362030905077248,-0.010714285714285676,0
-0.09148264984227128,-0.08251545448385089,-0.12320791410845733,-0.24208536777445266,0.025163094128611396,0.20833333333333326,0.20608899297423888,-0.18146718146718155,1
-0.1428571428571428,-0.02990902168724141,0.03284637608340657,-0.005193767479025224,0.25121241513094095,-0.18518518518518512,0.14457831325301207,0.019736842105263053,0
-0.29084967320261446,-0.30890165282966897,-0.15499773435581332,-0.20177474402730367,-0.13197026022304825,-0.2499999999999999,0.0024937655860348684,0.042857142857142816,1
0.19850187265917607,0.3004849982544169,0.19542754841300147,1.0437669043521023,-0.4720149253731343,0.034482758620689724,-0.16384180790960456,-0.12043795620437958,1
-0.12274368231046928,-0.07594144163930872,-0.12328692715972056,0.0949576739050424,-0.18210609659540777,-0.29411764705986154,-0.2544117647053341,0.17832764505189558,0
-0.009345794392523366,-0.05010691528573019,0.15707440491428848,0.029074336005029178,0.24021739130434772,-0.12121212121212122,-0.05089058524173029,0.025179856115107868,1
0.07725321888412018,-0.11685227593506464,-0.03303085390595184,-0.15525587828492382,0.16732438831886354,0.040000000000000036,0.1311881188118813,-0.019607843137254832,0
0.014925373134328401,0.051200201415428914,0.05735050070051528,0.3197161900666521,-0.37037037037037035,-0.04166666666666674,0.010178117048346147,0.02580645161290329,0
0.2996254681647941,0.39333552639376546,0.31391122084614276,0.6431497496586256,-0.3401459854014598,-0.2333333333333334,-0.12499999999999989,-0.10197368421052633,1
-0.38761467889908263,-0.09032973485813567,-0.10490136837587172,-0.156610800744879,0.10599721059972089,-0.34615384615384615,0.17067307692307687,-0.08659217877094982,1
-0.02127659574468077,-0.19168952405791073,-0.07820064877781097,-0.05875299760191843,-0.3037865748709122,0.08000000000000007,-0.04218362282878396,0.21865889212827982,0
-0.024464831804281495,-0.13933214249318848,-0.1762791978462368,-0.2341422393080249,0.046859421734795736,-0.15999999999999992,-0.03305785123966931,0.006756756756756799,0
0.013605442176870763,-0.05903379591900815,0.0436670901409284,-0.11071981969291456,0.6714490674318507,0.0,0.2786458333333335,-0.17692307692307696,0
-0.343108504398827,-0.27536951124935527,-0.2940551696061301,-0.31203498237827965,0.11459403905447085,-0.23809523809523814,-0.14974619289340096,0.19770773638968475,0
-0.14066496163682862,0.3107585535750872,-0.03391227401267405,0.12081750768674282,1.046816479400749,0.0,-0.16523605150214593,0.05399061032863861,0
0.07615894039735105,0.05049170567601058,-0.015557647316474355,-0.025851581508515853,-0.05373406193078312,-0.07407407407407418,-0.037694013303769425,-0.2057761732851986,0
-0.43442622950819676,-0.23590203211679694,-0.24679429666342856,0.16054541455905014,0.09856630824372759,-0.16666666666666663,0.11019283746556474,0.3875338753387533,1
0.4357541899441342,0.05679934511773954,-0.020328978046307067,-0.19189532982009805,0.48565121412803536,0.0869565217391306,-0.08767772511848348,-0.24344569288389528,0
-0.05818181818181822,-0.30690469088915917,-0.11834401030689123,0.028346831824678453,-0.2338762214983714,0.23809523809523814,0.06262230919765166,0.13043478260869557,0
-0.29508196721311475,-0.13088684973732223,-0.27052373394892515,-0.13868613138686137,-0.1498847040737894,-0.1785714285714286,-0.1759834368530021,0.40384615384615385,1
0.33653846153846145,-0.14350018049175794,0.19337465103938345,0.16122131466355505,0.0173333333333332,0.19999999999999996,0.2344213649851632,-0.03821656050955413,0
-0.12365591397849462,-0.11723501015342697,-0.10034787288225178,-0.17492211838006222,-0.16989066442388567,0.0,0.1017699115044246,0.032163742690058506,1
-0.09243697478991608,-0.019618190303753114,-0.16664908638948195,0.13423039054808017,0.03547066848567537,0.040000000000000036,-0.040000000000000036,0.345679012345679,1
0.35199999999999987,0.08316486263647582,0.2989425315905494,-0.016606041436027175,0.23037100949094036,0.16666666666666674,0.41369863013698627,-0.03300330033003296,0
0.45994065281682484,0.2733839312470545,0.2484363977094699,0.32554708630358653,-0.11288343558064518,-0.0543478260879845,0.17445742904939432,-0.01624999999872978,1
-0.07964601769911506,-0.16224034053876668,0.005740144051734619,-0.07104206667830326,-0.07426597582037997,-0.14814814814814825,-0.05210918114143903,0.18766756032171572,0
-0.06122448979591821,0.12130581469589852,0.20863529010300197,0.22076271186440688,-0.31212121212121213,-0.07407407407407418,-0.08299595141700411,0.11904761904761907,1
-0.18154761904761907,0.09276874388144951,-0.011407284768211845,-0.10917104593998983,0.43333333333333335,-0.2592592592592593,0.14388489208633093,-0.10963455149501655,1
0.12018140589455784,-0.017056758972383568,-0.12250720189184794,-0.26822956309940627,0.5142250530828025,0.2222222222222221,-0.02100456621095881,-0.12731481481597218,1
0.2558139534883721,0.5137636609972605,0.0987865135449979,0.2545728426942113,-0.3683274021352313,0.1499999999999999,-0.18262411347517726,-0.07643312101910826,0
0.23076923076923084,-0.15763993694731382,0.04433462188375281,-0.009577464788732448,-0.1651785714285714,-0.3214285714285714,-0.11521739130434772,-0.28519855595667876,1
0.09798270893371752,-0.03353650160982413,-0.06799790263904404,0.08797468354430382,-0.2575342465753424,0.3500000000000001,-0.034391534391534306,0.2612137203166227,0
-0.19113573407202222,-0.30163948072849245,-0.2461121013273323,-0.28558509676252486,-0.4173850574712643,0.08333333333333348,-0.08071748878923768,-0.046511627906976605,0
0.040247678018576094,-0.012507186119215863,0.1888440007288219,0.17302305537599638,-0.22731201382886768,-0.15999999999999992,0.07476635514018692,-0.128048780487805,1
-0.12076583210474356,-0.1739835556240238,-0.03838615623128139,-0.07728894173602852,0.3657718120805369,0.009090909092743793,0.5360962566865455,0.12783171521035597,1
-0.365196078430147,-0.24431653312290924,-0.139271872307416,-0.2155578300921187,0.45896656534954405,-0.1969696969681819,0.1329787234042552,-0.07814045499406519,0
-0.20000000000000007,-0.07182153305185757,-0.08524463454109643,-0.17840626111704028,-0.112059765208111,0.04166666666666674,-0.06714628297362124,-0.05900621118012417,1
0.15957446808510656,0.07690113373462748,0.062009477736963525,0.2433962264150944,0.18253079507278835,0.15999999999999992,-0.04387990762124705,0.07668711656441718,0
0.20333333333333337,0.06952219996725262,-0.00346037902902796,-0.013534917206623476,0.0,0.04545454545454519,0.04952830188679247,0.021406727828746308,1
-0.1301775147928994,0.22374412346465755,-0.0010134130558290266,0.3658254671546908,-0.583378598587724,-0.28,-0.17621145374449343,0.06451612903225823,0
0.21130952380952395,0.23699099855082162,0.40515119347305206,0.28814192343604095,-0.4231788079470199,-0.2647058823529411,-0.1490825688073395,-0.40892193308550184,0
0.07920792079207928,-0.10499697080848502,-0.06448160898058097,-0.06485106382978723,0.1600877192982455,0.19047619047619047,0.37430167597765385,0.032258064516129004,1
-0.06375838926174504,-0.15606088240503246,-0.07516181083499807,-0.22000807863201843,-0.1248868778280543,-0.21739130434782605,-0.06493506493506496,-0.020270270270270174,0
0.08139534883720922,0.012851602537243156,-0.021270557032422865,0.638244338831423,-0.42624671916010504,0.4999999999999998,-0.16827852998065773,-0.13725490196078427,0
0.028571428571428692,0.025496311421028484,0.04465954530522542,-0.16787321463510074,0.14536082474226797,0.11111111111111116,0.6050420168067225,0.09470752089136492,0
-0.07799442896935926,-0.08758334507474352,-0.05623880015994487,-0.2632545610383249,0.23342670401493937,0.7058823529411764,0.41428571428571437,0.014035087719298178,1
-0.35789473684210527,-0.15072543199704547,-0.22611304281060451,-0.13022700119474306,0.2927429274292743,-0.5,-0.03203661327231133,-0.3153846153846156,0
0.3799283154121864,0.1855241629913491,0.23317455258428987,0.04750103263114425,-0.19341563786008242,0.55,0.3783783783783783,0.10144927536231885,1
-0.24742268041237114,-0.2564888112420366,-0.24180220731605617,-0.31785500299580594,0.11284916201117312,0.0,-0.13551401869158874,0.10624999999999996,0
0.05846153846153834,0.09328908560966842,0.18978093714222033,0.2538959901943618,-0.21068249258160243,-0.1333333333333333,-0.19214876033057848,-0.03806228373702436,0
0.05973715651135003,0.05553410556546634,-0.026772993338629703,-0.09920734776044282,0.0868324500611497,-0.10389610389610382,-0.28462709284627086,0.19698870765370136,0
-0.25274725274725285,-0.1557488234498957,-0.0817733823836172,-0.09904622157006615,-0.3114754098360655,-0.2222222222222222,-0.18485523385300662,-0.17199999999999993,0
-0.12639405204460963,0.06171674727328802,-0.17523795436055278,-0.06184775936157161,-0.02248995983935742,-0.1785714285714286,-0.09429824561403521,-0.05508474576271172,0
-0.22480620155038766,-0.09850846556757842,-0.14321800679291963,-0.009759380784115645,-0.15456238361266306,-0.3548387096774194,-0.10221465076660985,-0.4022140221402213,0
-0.24100719424460426,-0.22170626566150586,-0.13273712043096275,0.12084157525624883,0.25411764705882356,0.10000000000000009,-0.08505747126436791,0.1628571428571428,1
-0.03809523809523807,-0.19385472474481036,-0.17109096490149078,0.007861635220125729,-0.10930074677528867,-0.38888888888888884,-0.21471172962226637,-0.18897637795275601,0
-0.0035211267605632646,0.11588098182088213,0.005154292654058645,0.12500000000000022,-0.2713393476752255,0.15384615384615374,-0.12380952380952381,-0.04635761589403975,0
-0.17757009345794406,-0.16486993484495605,-0.30835972090356656,-0.36519761985359456,0.12037987679383888,-0.12999999999913003,-0.11913104414918074,-0.05043227665857408,0
0.06622516556291402,-0.095845754379145,-0.1086393314237516,-0.1267039747453006,0.4396482813749001,0.07692307692307687,0.0755148741418763,-0.17449664429530198,0
0.11627906976744184,0.3694177668341525,0.2103774337599038,0.18907861970828876,0.23719376391982183,-0.13636363636363646,-0.1572052401746724,-0.3187500000000001,0
0.18518518518518512,0.14236098684684118,0.18556282675117397,0.12213579987386991,-0.008078994614003632,0.04545454545454519,0.04854368932038833,0.10256410256410253,1
-0.20270270270270274,0.007825351726565621,-0.1599142134218826,0.0214455917394758,-0.10651289009497977,-0.06060606060606055,0.060948081264108334,-0.03791469194312791,0
0.16082659478930816,-0.10051646785079105,-0.17347903477008908,-0.18766411531286664,-0.2808204914620991,0.1883116883136362,0.06435006434909907,-0.02447708055140163,0
-0.3512931034482758,-0.1495635785367152,-0.25344997112413015,-0.10821673116999098,0.6194968553459119,0.0,0.4054054054054055,0.06434316353887393,0
0.10877192982456152,0.3744831482900206,0.13015095987192882,-0.007784854918612805,0.3120759837177747,-0.040000000000000036,0.22191780821917817,-0.17207792207792205,0
-0.22615803814713908,-0.1247160412408771,-0.2470582097974332,0.10571413823253728,-0.38767342582547404,-0.08641975308518524,-0.3213728549136673,0.19425173438968701,0
-0.101010101010101,-0.07973463256645597,-0.08004754746005671,0.09229758581047798,-0.31109763493026077,-0.08695652173913038,-0.13659793814432986,0.0725552050473186,0
-0.22774327122049698,0.07592132017574493,0.05293890734904805,0.35216797541823164,-0.2732884399553872,-0.2962962962962964,0.052980132450331174,-0.14631043256870235,1
-0.37468354430379747,-0.1836197102192323,-0.28354366411272114,0.10434412265758097,-0.012366034624896938,-0.1724137931034483,-0.11914893617021283,0.04220779220779225,0
0.09293680297397766,0.3590547319277857,0.20736957333063732,0.21742172468077658,-0.09149392423159408,-0.04166666666666674,-0.122,-0.053003533568904526,1
0.03205128205128216,0.015664172950150768,-0.03866369491749755,-0.1296266878474981,0.37593184238551625,0.0,0.2413793103448274,-0.23961661341853024,1
0.4413793103448276,0.1858088238747584,0.07623981764079146,0.0020376175548588726,0.020366598778004175,-0.09090909090909094,-0.021857923497267895,-0.12048192771084332,0
-0.22077922077922074,-0.34688339240848876,-0.23686978781713697,-0.12165354330708666,0.4472807991120977,-0.2222222222222222,-0.10897435897435881,-0.03875968992248069,0
0.08750000000000013,-0.01684826661783778,0.14847349802312793,-0.08724235963041915,0.04290718038528896,0.21739130434782616,0.3950953678474114,-0.08171206225680949,1
-0.16088328075709768,-0.036424935614683185,-0.1838301711842364,-0.2870059792912353,0.9433962264150946,0.11111111111111094,0.20560747663551404,-0.14448669201520925,1
0.023648648648648685,0.22500118986739315,0.07382424050925018,0.32105888342100797,0.26771653543307083,0.0,-0.2599580712788261,0.2647887323943662,1
0.14873417721518978,-0.07331331384174355,-0.005492219094897277,0.07166430928807177,-0.030197444831591147,-0.2413793103448275,-0.06829268292682922,0.05792682926829262,1
-0.12784090909090917,-0.06780283213569094,-0.12498348361236777,-0.08369209574651282,-0.03107113654946847,0.39130434782608714,0.03455723542116629,0.05654761904761907,0
0.2441471571906355,-0.08670608295683047,0.28973366541015966,0.03679823871677934,0.1053149606299213,0.4761904761904763,0.28869047619047605,0.3094555873925501,1
-0.0219780219780219,-0.18967662531078044,-0.05677862318429738,-0.08730598669623058,0.10978956999085088,-0.1333333333333333,0.009456264775413947,-0.3155893536121672,0
-0.078125,-0.020530353987385896,-0.1446823112351775,-0.3680384087791495,0.626884422110553,-0.11999999999999988,0.4783950617283952,-0.10561056105610556,0
0.04285714285714293,-0.060366050360119106,-0.1126236100069069,-0.23965231788079466,0.12091503267973858,0.38888888888888884,0.01298701298701288,0.10967741935483866,1
0.04460966542750944,-0.13827987982354717,-0.16905042454523855,-0.19402415766052128,-0.030601092896174853,0.8124999999999998,0.10479041916167664,0.14067278287461782,0
0.05144694533762073,0.0021568307932999797,-0.08787836458389287,-0.177406523468576,0.11718061674008817,-0.13636363636363646,-0.03351955307262555,-0.08333333333333326,1
0.029900332225913484,0.26449620044695954,-0.04540619392927603,0.12033121916842848,-0.27630375114364136,0.2857142857142858,-0.091324200913242,-0.05862068965517242,0
-0.36363636363636354,-0.16983930413323534,-0.2875860029303917,-0.15834438061570189,0.05893358278765204,-0.11111111111111116,0.22383720930232576,-0.006116207951070152,0
0.11151079136690645,-0.05207662840705196,0.09820864771970306,0.13684412838746884,-0.032258064516129004,-0.1923076923076923,0.06976744186046502,-0.12927756653992395,1
0.5236363636363637,0.21313298556867566,0.16834610302477793,-0.01872659176029967,-0.0754169688179841,-0.16666666666666663,0.00219780219780219,-0.36226415094339637,1
0.015625,0.13624561697974436,0.11471091740039485,0.17909356725146197,-0.059433962264150875,-0.19999999999999996,0.09433962264150941,-0.17586206896551726,1
-0.30790190735694833,-0.23862451315892408,-0.15679058520457867,-0.10320678215997048,0.16883116883116878,0.44999999999999996,0.45856353591160204,0.3197831978319783,1
-0.37023370233702335,-0.43186872153815414,-0.37229192321916993,-0.28864948056944983,-0.018257694314032347,-0.25,0.04772727272727284,0.231132075471698,0
0.446043165467626,0.24760515439866215,0.35674112492677756,0.40232889733840316,-0.13996763754045305,0.15999999999999992,-0.20449438202247194,-0.3034482758620689,0
0.27125506072874495,0.1183352231865793,-0.07867891455967724,-0.09367872271098077,0.24210526315789482,0.3181818181818181,-0.12869198312236285,0.04150943396226425,1
0.4065040650406504,0.0990973071980128,0.1134643190240967,0.23969610636277316,-0.26296958855098385,0.040000000000000036,-0.06203473945409432,-0.18978102189781043,1
0.41484716157205237,0.3467915680110476,0.15576881850869118,0.23383383383383372,-0.1404833836858007,-0.25806451612903236,-0.1772428884026258,-0.040000000000000036,1
-0.24293785310734461,-0.03692260578469342,-0.04754864503369349,-0.3055352709215715,0.5221143473570657,-0.2058823529411764,0.47077922077922074,-0.16862745098039222,1
0.15873015873015883,-0.13721456494378537,-0.02268555534284522,-0.005023022185014714,-0.4639296187683284,0.0,-0.052516411378555894,0.047761194029850795,1
-0.17662337662337668,0.05630387406845294,-0.0734106267442447,0.09932985852568876,0.23057644110275688,0.17391304347826098,0.20103092783505172,0.11614730878186963,1
0.47058823529411775,0.042035769765585984,0.10703689774769143,0.0,-0.34504391468005013,0.04545454545454519,-0.3252336448598131,-0.195571955719557,0
-0.16568047337278102,-0.18111956885127178,0.014790164061791788,0.26610516731163214,-0.15915627996164905,-0.24,0.14492753623188404,-0.1654411764705883,0
0.12048192771084332,-0.04448869902808028,-0.015418997009930546,0.10971016865891592,0.36613475177304955,0.0,-0.015037593984962405,0.08679245283018866,1
-0.1339285714285714,0.11675288979714105,-0.032378487111915044,-0.021668150786583462,0.22401433691756267,-0.21739130434782605,-0.13740458015267165,-0.09025270758122739,0
0.25266903914590744,0.05591952872744366,0.06786055673925051,-0.17398028223467998,-0.24891209747606624,0.09523809523809512,0.1179361179361178,-0.03960396039603964,1
0.27464788732394374,0.3023880151726388,0.22272523080254225,0.288512323943662,-0.3288364249578415,-0.11111111111111116,-0.41565217391304343,0.2163934426229509,0
-0.10093299406106859,-0.012255010317840376,-0.10549177947619504,-0.2662937271568584,-0.13035817152912466,-0.006858710562962944,0.0046296296302084095,-0.09297052154227425,0
-0.17882352941176471,0.1381113606705644,-0.11780131706038788,-0.01466006963533073,0.23003575685339683,-0.09090909090909094,0.04859335038363177,-0.03403141361256545,1
-0.15576323987538943,-0.2899004764221935,-0.2309786737897388,-0.07637304122927113,0.05414273995077923,0.18181818181818166,-0.006912442396313279,0.04746835443037978,1
0.2185430463576159,-0.034180918229073654,0.11679806385150537,-0.023642281994175174,0.07403936269915645,0.04166666666666674,-0.07211538461538458,0.03960396039603953,0
-0.08130081300813008,0.1919311337713896,-0.08373167884979127,-0.00019004180919801605,-0.2429268292682928,0.1499999999999999,0.2448275862068967,-0.3846153846153846,0
-0.037617554858934144,-0.131296492815266,-0.1763059437758574,-0.2721619476051865,-0.0483516483516484,-0.11538461538461553,0.038004750593824355,-0.0029761904761904656,0
0.16725978647686812,0.317753489749639,0.2528143281873918,0.08262377798801634,0.10601363918164908,0.5609756097560978,0.24035608308605316,-0.06204379562043805,1
-0.47883597883597884,-0.3002998886014514,-0.27365814100853114,-0.22250686184812452,0.009537784299339602,0.04761904761904767,0.20759493670886076,0.2661498708010337,1
0.30165289256198347,0.1750567110835488,0.1301960313966437,-0.13651877133105805,-0.035996488147497896,0.28,0.12169312169312163,0.26116838487972516,0
0.05027932960893877,0.012669675040474448,0.06841614968386422,-0.14583333333333348,-0.3733221476510067,0.11538461538461542,0.007858546168958647,-0.180515759312321,0
-0.018181818181818188,-0.15761406813211032,-0.03853260313551177,-0.2969356089992242,-0.05344827586206902,-0.04761904761904767,0.0945273631840795,-0.26315789473684204,1
-0.2957130358713911,-0.17394602377165191,-0.23045178431570934,-0.10713198124063572,-0.2763761467889908,-0.25,-0.11575091575164831,0.038427167112600524,1
-0.17132505176086965,-0.2523900874370638,-0.17865300077397994,-0.15204328306688142,-0.1865079365078125,-0.054421768709523866,-0.093847758080292,0.08537108537237237,0
0.006688963210702337,-0.14283524911742618,-0.08061633807111834,0.14393690437068685,-0.2136812411847674,0.1923076923076923,-0.14915966386554624,0.20317460317460312,0
-0.25,-0.20991636076286535,-0.37193466596357605,-0.35227085053674656,-0.10600706713780916,-0.2413793103448275,-0.20628683693516703,0.050156739811912154,0
-0.234375,-0.3995509158858017,-0.19573527442041527,-0.26592754528419726,0.27098078867542963,-0.08000000000000007,0.24264705882352966,0.1404011461318051,0
0.2768166089965398,0.5798424649166927,0.19244883685570935,0.36311861743912033,-0.32736156351791534,-0.27586206896551724,-0.12289156626506026,-0.03284671532846728,1
0.37803138373555223,0.5619839820062993,0.5589643293783049,0.6801393728222995,-0.00189753320683117,0.10526315789473695,0.12151898734177213,-0.3537414965986394,1
-0.21563981042654035,-0.2095286989302969,-0.1701335655227345,-0.02595541401273882,0.04144527098831041,-0.14814814814814825,0.05865921787709505,-0.05263157894736836,1
0.17295597484276715,-0.04484260264929141,0.048379335701972837,-0.11443542934415152,-0.3292576419213974,0.6315789473684212,-0.058700209643606005,0.12499999999999989,1
0.08906882591093113,0.14771725315487116,0.14115223539307298,0.2667597765363128,-0.10639938319198139,0.04166666666666674,-0.021226415094339535,-0.17218543046357615,0
0.4222222222222223,0.22684783017137122,0.08356195701874736,-0.02727621974644645,-0.011235955056179803,0.7058823529411764,0.20615384615384613,0.3045822102425876,1
0.09818181818181815,0.19761380010683705,0.19733048485323024,0.17569635751453938,-0.2705971277399849,-0.1923076923076923,-0.0815850815850816,-0.2260536398467432,1
-0.04687499999999989,-0.08586647566930594,-0.10548311369260344,0.044160194913963835,-0.005506607929515406,0.0,-0.2315789473684211,-0.12195121951219523,0
-0.0873786407766991,-0.08002484822466982,-0.11146149122679772,-0.06905548791094096,0.06493506493506485,-0.07142857142857129,0.05970149253731338,-0.09642857142857131,0
0.14802631578947367,0.10253043821876129,0.05183234890617694,0.2683706070287539,-0.4803288314738696,0.040000000000000036,0.23107569721115517,0.10256410256410253,1
0.16666666666666674,0.10274421203799955,0.19402454545802006,0.613061797752809,0.009970089730807485,-0.4193548387096774,-0.25568181818181823,-0.17192982456140338,0
0.3948497854077253,0.41930248486095123,0.6199880058067606,0.6669632925472746,0.026011560693641522,0.14814814814814814,0.2051282051282053,-0.2260536398467432,1
-0.028735632183908066,0.0741993502981122,-0.1297629709236372,-0.05351681957186549,-0.08497409326424876,0.38095238095238093,-0.06528189910979232,-0.19691119691119696,1
0.13310580204778155,0.02432445043160225,0.017909319721324035,-0.1557045105432202,0.03360581289736597,0.10526315789473695,0.11038961038961048,0.010273972602739767,0
0.09349593495934938,0.34857959362306157,0.04823671107875982,0.4990574929311973,-0.09292649098474326,0.0,-0.2700421940928269,-0.1605351170568563,0
0.10276679841897218,-0.1184831717733511,-0.16184435144532439,-0.028116213683224034,0.09297912713472489,0.19999999999999996,0.054704595185995686,0.10060975609756084,1
-0.039735099337748325,-0.0030142534554263856,-0.08377105106406024,0.21592306832159247,0.32735426008968616,0.368421052631579,0.4293628808864265,0.09470752089136492,0
-0.04620462046204632,-0.14333106459878386,-0.12248774977956822,-0.13267940113577703,0.3950495049504952,0.19047619047619047,-0.11546840958605664,0.32361516034985416,1
0.06644518272425248,0.11134551274590554,0.05498205687951718,0.2005669737774629,0.2430355427473585,0.0,0.1694444444444445,0.12386706948640491,1
-0.260958205911315,0.03131849689864108,-0.24155659380811068,-0.24414890149227453,0.31924882629107976,0.2222222222238095,-0.0919540229891107,0.010658914729651081,0
0.08292682926829276,0.017518038373026013,-0.19472689592187986,-0.20173228346456695,-0.02857142857142858,0.1499999999999999,-0.03350515463917514,0.2754716981132076,1
0.14759036144578297,0.2523171552841941,0.13330969723637054,0.13082731451083385,0.3139120095124852,0.11999999999999988,-0.020224719101123556,-0.08333333333333348,0
0.13788968824820147,-0.03135751769656292,0.11281556879613808,0.010434691415762254,-0.2568306010928961,0.03703703703703698,-0.23948220064660186,0.051124744377300746,0
-0.11731843575418988,-0.09503424692861462,-0.12714512370934505,0.1587752525252526,-0.021505376344086113,0.040000000000000036,-0.03448275862068961,0.09756097560975618,1
-0.25479452054794527,-0.19372968780345767,-0.11276876950497294,-0.2681564245810055,-0.32944915254237295,-0.1071428571428571,0.013544018058690765,0.16997167138810187,0
-0.1223776223776224,-0.27921221653782224,-0.23248398402109882,-0.4239419946729801,0.19858156028368779,-0.034482758620689724,0.46802325581395365,0.24683544303797467,0
0.6068376068376069,0.029493724609931826,0.17811259007040214,-0.09850180816256249,-0.07540983606557383,0.2857142857142858,0.07065217391304346,0.0461538461538461,1
0.009202453987730008,-0.052562823937768455,-0.15817343101911086,0.14365120722598568,0.05232558139534893,0.5625,-0.020725388601036343,0.07766990291262132,1
0.2987421383647797,0.12270490620928554,0.10619094045297728,0.12745775729646702,-0.20722501797268145,0.1428571428571428,0.03328981723237612,-0.20220588235294135,0
0.29457364341085257,0.09908951964057322,0.02004895160506459,-0.08684499816782698,-0.2433234421364986,0.2857142857142858,-0.22903885480572594,-0.08561643835616439,1
-0.29190751445086704,-0.3377309281226426,-0.14546128511632173,-0.33621954798943343,0.32180293501048207,-0.13793103448275856,0.4117647058823528,0.06060606060606066,0
0.06567164179104479,-0.13555218928750778,0.033175141388755325,-0.04344353937070766,0.04761904761904767,-0.09677419354838723,0.25654450261780104,0.11214953271028039,1
0.11075949367044657,0.019837844909188718,0.07265275184944509,-0.05624742113322179,-0.0511152416356877,1.0082644628165562,0.3772134981605384,0.03090435914244516,1
0.10370370370370363,0.1732001568819055,0.10519501899813655,0.07900394123969878,-0.4065804935370152,0.13636363636363624,0.0070754716981134,0.2462908011869437,0
0.6379310344827587,0.5433793914926013,0.17170190233034388,0.29042424242424225,-0.5539340101522843,0.0,-0.39008264462809916,-0.11811023622047245,1
0.2052238805970148,0.023474932253719105,0.15198485377574755,0.22437003797031418,-0.37358757062146886,-0.03846153846153855,-0.17919075144508667,-0.10394265232974909,1
-0.18604651162790697,0.06024307962122699,-0.12607290873325505,0.29189294026377044,-0.22476340694006314,-0.2500000000000001,-0.22156862745098038,-0.2396694214876034,0
-0.006472491909385036,-0.05916563768650429,-0.07816352235302026,-0.19213268750917367,0.4579533941236069,-0.05660377358490565,0.06348345089527929,0.14583333333333337,1
0.1479999999999999,0.04343085411728165,-0.007943422819826296,-0.2206029432776111,0.5548717948717947,0.23076923076923084,0.46278317152103576,-0.1355932203389829,0
0.33333333333333326,0.4546861568057001,0.16156574314218597,0.16120117907148113,-0.18929633300297333,-0.06451612903225812,-0.33215547703180215,-0.0766550522648084,1
-0.05400696864111498,0.20890487959385795,-0.048484984906427164,0.45047052996532955,0.10093530787217442,0.2857142857142858,-0.14271255060728738,0.23141891891891897,1
-0.361271676300578,-0.020558988660135058,-0.035244804675145236,0.12617853560682035,0.20994475138121538,-0.04166666666666674,0.2229885057471266,0.04529616724738683,1
0.1068376068376069,0.3483937564728654,0.09405490343434697,0.05174563591022441,-0.041186161449752845,-0.13043478260869557,0.06116207951070329,-0.18143459915611815,1
0.10599078341013835,-0.18740589857681378,-0.07099900627593192,-0.06737588652482263,-0.17580872011251747,-0.33333333333333337,-0.1417322834645669,-0.1729957805907174,0
-0.048484848484848575,-0.05351992654543014,-0.07686513099106618,-0.031056754156932875,-0.0214861235452104,-0.33333333333333337,-0.09730848861283636,-0.10000000000000009,0
0.16349809885931554,-0.06902262948163251,0.09796606644279482,-0.17307363745087978,0.9064449064449065,0.33333333333333326,-0.03753351206434308,0.11188811188811199,1
-0.2916666666677631,-0.18264956711263247,-0.1964078500265829,0.18094844793103437,-0.176816710796999,-0.23456790123333326,-0.29157967988935285,0.2834394904458598,1
0.2090592334494774,0.26896152702706977,0.35946211131895667,0.763036455929857,-0.07084785133565619,-0.034482758620689724,-0.2782369146005509,-0.07420494699646629,1
0.43982808022716346,0.37554287418506926,0.3312941559763929,0.25089301931267727,-0.017313019390922113,-0.06666666666666676,0.07164480323014288,-0.5855161787389604,1
-0.22297297297297303,-0.16272345218375506,-0.1649289989324867,-0.19812954624177348,0.3739837398373984,0.22222222222222232,0.41515151515151527,0.16975308641975306,0
-0.33141210374639773,-0.03531150894702828,-0.23098042371180694,-0.1452545217229162,-0.3338203067932798,-0.2413793103448275,-0.008316008316008316,-0.17786561264822143,0
0.04049844236760114,-0.0655826371705922,0.04815982412416209,0.012597066436583093,-0.09805653710247353,0.30434782608695654,-0.15136476426798995,0.0658307210031347,0
-0.12389380530973448,-0.3597551629479304,-0.2583947163346786,-0.3368162261831591,-0.4239019407558734,0.21739130434782616,0.16176470588235303,0.02121212121212135,0
0.37885462555066085,0.15968255694638467,0.2596938307819232,0.08957515782289716,0.024079320113314484,0.26315789473684204,-0.07619047619047614,-0.29885057471264354,1
-0.3728323699421966,-0.3575209250357735,-0.40948296476699575,-0.476078431372549,-0.06574675324675328,-0.1923076923076923,-0.0026041666666667407,0.061764705882352944,0
0.3449060899243026,0.001062784914778181,0.03438677633953935,0.0011788480970025272,-0.3798506549151671,0.10526315789473695,-0.14944174062324644,0.17656500802528097,1
-0.039999999999999925,-0.23480913403329162,-0.2102727082309691,0.08669656203288478,-0.34111111111111114,-0.2727272727272727,-0.2624671916010498,0.06024096385542177,0
0.20454545454545459,0.08983574460728949,0.2816432358474432,0.22017494881816502,-0.12227074235807867,-0.33333333333333337,-0.0770877944325482,-0.2704918032786885,1
0.3799999999999999,-0.2637099278526044,0.17251492655673628,-0.2816447191615158,0.30718336483931963,0.07692307692307687,0.48115942028985503,-0.06884057971014479,1
0.23360655737704938,0.10970358061816565,0.2886958604193537,-0.01707664159381983,0.8465608465608465,0.18181818181818166,0.25835866261398177,-0.4183266932270917,1
0.2626582278481011,0.05842478047231614,0.23467814708978807,0.3633060853769301,-0.3609112709832135,0.38095238095238093,0.0539083557951483,-0.15309446254071668,0
-0.2584269662921348,-0.1801376821831765,-0.12917595263439074,-0.14740975683431512,0.03726708074534146,0.15384615384615374,0.11822660098522153,0.375,0
0.34782608695652173,0.3754018587714083,0.18444893851454602,0.2875981161695449,-0.49116809116809124,-0.040000000000000036,-0.26226415094339617,-0.07357859531772593,0
0.1051080550109087,0.17405755017908509,0.1610242045858461,0.20727692751879445,0.16800920598388935,0.5882352941176472,0.020871143376606893,0.1725118483420166,0
-0.2735562310030395,-0.14162186868426951,-0.121814170262325,-0.13982479784366575,-0.30500472143531643,-0.2962962962962964,0.10256410256410264,-0.2837370242214534,1
-0.31725888324873097,0.08516428943918286,-0.15760607510476732,0.0211191335740073,-0.2714535901926445,-0.5151515151515151,-0.13894324853228968,-0.3618677042801557,0
0.33215547703180226,0.04688221151456551,0.05457763667668636,0.07471379795139588,0.10118168389955673,0.20833333333333326,-0.04772234273318876,0.003984063745020028,0
-0.25225225225225223,-0.03784019369487446,-0.14360652807245666,-0.06957878315132604,0.34414831981460026,-0.2666666666666666,0.13670886075949373,-0.027027027027026973,0
-0.14710610932475898,-0.03057911137976166,-0.30649865218804373,-0.0934003496503496,-0.3988673139158576,-0.39814814814814814,-0.41385435168738893,-0.21601208459214494,0
0.3182332955847318,-0.2451794224759295,-0.034935100944278874,-0.23638378428280293,-0.0014632466870361238,-0.020920502093688786,-0.13645569620275022,0.02934702861370908,1
0.07326007326007322,0.01590315027716427,-0.028280572900917345,0.2160958904109589,-0.30059523809523814,0.0,-0.26451612903225796,0.11111111111111105,0
-0.30933333333333335,-0.28078714906785684,-0.2875120501393811,-0.250997605746209,0.26595744680851063,0.2727272727272725,0.418831168831169,0.03498542274052463,0
0.061224489795918435,-0.03612586372165494,0.05072876019595696,0.11790546476893349,-0.10406811731315047,0.20833333333333326,0.3343195266272192,0.120253164556962,1
-0.07792207792207795,-0.21870049055037621,0.05267276268741328,0.08913649025069637,-0.3259402121504339,0.3500000000000001,0.33615819209039555,0.18941504178272972,0
0.08333333333333326,-0.018444266733548154,0.00492860736362255,-0.14861081197501613,0.30946882217090077,-0.2592592592592593,0.04337349397590362,0.12688821752265866,1
0.547470547469475,0.17199759223739086,0.2978838481545525,-0.002405696690481407,0.7049150374569169,0.3533333333315287,0.10982905982811131,-0.046015180265158495,1
-0.02083333333333337,-0.0054967172197708525,-0.13472091714477064,-0.31267794339306654,-0.06227106227106227,-0.06896551724137923,0.0451306413301662,0.1742424242424242,0
-0.29568106312292364,-0.18105420459221078,-0.2773891381771699,-0.46783127396676616,-0.29492455418381347,-0.33333333333333337,-0.07449209932279899,-0.0,0
0.19327731092436973,-0.168661151256297,0.058284525997694514,0.08148820326678763,-0.046862589356632345,0.03846153846153855,-0.08101851851851849,-0.5592417061611372,0
0.15884476534296033,0.5349294844049213,0.5651905679964409,0.32682269742380887,0.13184931506849318,-0.11111111111111116,0.0942857142857143,-0.5151515151515151,0
0.10963455149501655,0.10174403633380802,0.08810934488583055,0.9414005273952535,-0.3921417565485362,-0.25,-0.031963470319634646,-0.07339449541284404,1
0.76,0.4871112548755645,0.6365814912641539,0.2965571205007824,-0.19000979431929477,0.4285714285714286,0.4173913043478261,-0.008771929824561209,1
0.2789855072463767,-0.03318835430689371,0.0016491203975914637,-0.2247994419253575,-0.10202360876897132,0.4666666666666668,0.5910780669144982,0.05074626865671639,1
-0.32054794520547947,-0.11345528543326544,-0.1766779844338352,0.0939938920936545,-0.1507882111034955,0.3529411764705881,-0.026548672566371723,0.2385542168674698,1
0.07638888888888884,0.3285501450163981,-0.01114372808566988,0.4447381066794809,0.10200000000000009,-0.22580645161290325,-0.17805383022774313,0.11661807580174921,1
-0.01754385964912286,0.17617005437189182,0.03866076710612654,0.4003001715265868,-0.06237148732008224,-0.1333333333333333,-0.09728506787330327,-0.05054151624548742,0
0.6241610738255032,0.13461355434796096,-0.0866815823279915,0.060726809053235575,0.1532163742690058,0.3599999999999999,-0.02067183462532307,0.031847133757961776,0
0.2659793814432989,0.20875592308683433,0.13159247910917138,-0.07679964341430812,0.25888324873096447,-0.010752688172043112,0.17870167760758582,-0.11149825783972123,0
0.2282608695652173,-0.04633791094785167,-0.03874900651102331,0.06548821548821548,-0.09037037037037043,0.0,0.2655826558265584,0.06318681318681307,0
0.055776892430278835,0.08016462639459454,0.11051121830008026,0.060979847116052754,0.2592592592592593,0.04545454545454519,0.2524590163934428,-0.2479674796747966,0
-0.17162471395881007,-0.2107661592752884,-0.14785793258435065,0.035635964912280604,-0.20475319926873858,0.03703703703703698,0.040284360189573265,0.1055718475073314,0
0.20069204152249154,0.2773141074964469,0.2615550544170997,0.653546808983767,-0.21355236139630396,-0.04347826086956508,-0.11749347258485643,0.07936507936507942,1
-0.12996389891696747,0.003271828737370752,-0.06495792536130529,0.42052181539136146,-0.2682926829268293,-0.1428571428571429,-0.23768736616702357,0.038461538461538436,1
0.08411214953271018,0.09862198588680382,0.14155427551919186,0.02936241610738266,-0.2009345794392523,-0.20833333333333337,0.2541436464088396,-0.20370370370370372,0
-0.05206463195691213,-0.04009614695081665,-0.025464401866368447,-0.025660448821134274,-0.5572001233425841,-0.2786885245901638,-0.21575984990619135,-0.08965517241379306,0
0.2407407407407407,-0.0894562378892152,0.2804733681625178,0.12320633349826826,0.28348504551365394,-0.034482758620689724,0.05940594059405946,-0.02621722846441954,1
0.07031249999999978,0.26658436073381275,0.08899410518932171,-0.070950226244344,-0.014880952380952328,0.23529411764705888,-0.13225058004640378,0.031152647975077885,0
-0.008241758241758212,0.06770908718145763,0.1681275586098374,0.17624380392876815,-0.07685269899359548,-0.10344827586206895,-0.009765625,-0.014880952380952328,1
-0.22123287671126202,-0.10954941818448027,-0.19252590231735134,0.02462176316480602,-0.08015695067264583,-0.3538461538471479,-0.20036764705955845,0.019230769230769273,0
0.20370370370370372,0.18223370258467764,0.3028867349869151,0.10349485058247532,0.12594187298170056,0.3181818181818181,0.14411764705882346,-0.007547169811320753,0
