29.7,33.9,25.9,528623.5,79265.0,518.2,72.8,2.3,38.0714285714,32.5142857143,25.4,482360.285714,76045.6,440.228571429,116.042857143,1.78571428571,0
44.6,40.3,39.3,619650.6,107092.8,629.7,123.8,2.4,28.9,28.2,37.9,697694.8,91037.7,727.3,73.1,3.5,1
35.0,27.0,21.2,452447.5,62342.5,432.7,131.1,2.2,36.4,29.8,25.6,532309.5,85171.7,711.3,118.9,2.2,0
38.5,28.6,38.2,687598.7,108832.7,779.7,119.3,3.1,44.9,32.5,34.7,548811.1,91163.1,545.2,100.7,3.0,1
40.6,31.7,29.6,587007.8,88009.7,698.3,86.2,2.7,47.3,28.1,33.4,662282.7,100642.3,756.5,111.6,2.3,0
39.0,29.1,27.7,501625.3,80593.8,551.9,106.6,2.2,39.8,29.1,33.9,552621.4,92695.8,571.9,96.8,2.3,1
51.9,27.8,34.2,709153.9,98789.2,579.7,89.7,2.8,43.2857142857,38.3,25.4285714286,507532.614286,74582.4714286,499.071428571,106.742857143,2.24285714286,1
40.3,29.3,27.0,618297.9,80782.6,578.6,92.6,2.4,40.0,32.9,33.3,565910.7,99434.0,670.0,110.3,2.0,1
57.7,34.9,22.9,393755.4,74908.7,487.9,140.3,2.2,36.0,30.0,35.3,585177.4,98247.7,590.8,103.7,3.3,0
40.4,26.9,29.0,518556.8,87570.3,554.0,69.2,2.9,39.5,35.8,32.9,610747.1,98978.9,577.3,72.2,1.8,1
42.1,32.9,31.4,537375.3,97717.2,540.0,84.6,2.6,30.4,31.4,30.6,646491.5,85640.2,673.3,78.5,2.5,1
47.9,37.5,41.4,618277.2,115791.6,549.7,129.3,2.5,31.3,32.0,29.2,516178.2,77311.2,580.4,81.2,2.5,1
44.9,32.6,24.9,397923.7,78059.6,353.2,95.4,2.4,27.1,29.8,27.4,551072.1,73853.0,587.3,73.9,2.3,0
50.4,31.8,24.2,565998.3,86250.7,598.7,153.2,2.8,46.3,20.3,23.0,438422.8,66509.0,515.2,93.8,2.7,1
40.5,33.2,26.9,504059.2,77980.8,391.5,110.9,2.0,45.4,26.8,26.2,500489.5,82175.3,494.0,117.9,2.3,0
46.4,29.1,25.5,504948.0,81082.1,605.3,96.1,3.2,40.2,33.6,26.7,495621.7,83669.4,585.0,84.7,2.3,1
42.0333333333,29.2666666667,25.0,559570.466667,70772.3666667,496.433333333,74.0666666667,2.6,45.4,23.2,28.8,485134.8,79288.7,491.9,131.8,2.6,0
58.8,29.6,31.5,492910.0,108509.9,603.8,140.9,3.6,43.5,30.3,31.9,767878.7,106689.0,759.3,108.9,2.5,0
46.8,34.9,29.7,627938.4,97603.4,725.8,105.7,2.9,55.1,35.7,29.5,513731.6,83419.7,498.5,81.0,2.9,1
40.6,30.4,32.7,591123.5,83429.3,495.9,98.9,2.4,37.3,29.1,35.3,632536.3,103813.4,785.5,95.1,2.2,0
41.2,25.9,21.1,568812.6,63016.6,418.0,151.6,2.2,41.2,28.1,28.3,536661.4,83782.6,521.6,133.9,2.1,0
34.6,29.7,29.2,568337.9,83691.8,571.0,122.0,2.4,38.6,36.2,34.4,556680.2,92771.9,577.7,111.3,2.4,0
46.4,35.0,33.8,645977.4,101561.3,738.5,87.3,2.4,33.3,32.1,28.6,515030.8,81592.1,548.8,86.0,1.7,0
44.6,25.9,28.3,468821.9,77443.2,546.0,119.9,2.4,32.0,31.5,26.9,608357.7,80370.8,663.7,71.1,2.0,1
50.4,34.8,28.9,476404.4,86310.8,489.2,89.6,2.5,37.6,29.9,27.8,566608.4,99389.6,647.3,151.6,3.0,0
44.1,39.5,27.8,471882.5,82270.8,375.4,69.0,1.8,36.0,35.2,27.1,512410.5,75592.6,494.7,103.8,2.1,1
44.0,25.7,27.9,536744.5,73587.7,412.4,117.0,2.5,49.9,26.4,29.3,511163.5,93253.7,436.6,153.6,2.6,1
42.2,30.7,34.1,593452.6,94416.3,652.0,82.1,3.5,37.75,30.5,36.4,550750.95,94251.35,664.1,59.4,2.7,0
45.1,33.9,32.6,449831.1,78445.4,415.0,153.6,2.5,40.1,28.8,25.6,485736.3,71837.9,450.7,109.3,2.8,1
43.0,27.8,24.7,551338.2,72095.3,530.6,89.1,3.1,34.5,30.2,29.2,491447.7,73085.4,517.9,118.3,2.2,0
39.6,26.1,34.5,580917.1,89501.0,694.9,113.5,2.5,44.8,26.6,27.8,596154.6,84529.8,547.4,118.6,2.7,0
38.9,29.4,26.2,577422.7,80051.2,487.8,197.3,2.7,46.0,28.1,31.9,565339.5,93673.1,641.0,176.9,3.1,0
42.8,33.0,33.7,729190.5,106101.0,729.5,110.9,2.0,30.6,36.1,22.4,438277.2,64470.5,381.2,55.0,2.2,1
44.0,39.8,31.2,558770.5,110135.9,638.2,123.0,1.9,35.6,28.4,29.8,479539.5,64577.1,384.7,58.6,2.2,0
38.8,32.0,30.7,552528.9,81331.5,566.5,90.9,2.6,29.8,31.6,29.5,494400.7,72826.3,550.3,84.5,2.1,1
32.6,33.0,39.8,642633.5,105489.5,728.5,88.0,2.6,43.5571428571,31.1571428571,34.7571428571,522923.685714,96270.0285714,427.728571429,115.214285714,2.72857142857,1
45.3,37.2,39.4,590687.9,109691.5,641.9,99.5,2.4,34.4,32.7,33.9,661877.1,98986.9,755.7,97.6,2.3,1
50.6,32.0,25.5,510843.2,86794.9,573.1,120.4,2.6,38.8,28.1,30.4,543959.7,94361.9,610.4,105.9,2.4,0
39.8,39.1,37.9,535328.1,101437.5,557.8,124.1,2.3,33.4,37.5,32.3,617210.1,103762.3,715.7,73.3,2.2,1
48.6,30.7333333333,27.8333333333,529003.8,93149.1,577.233333333,143.966666667,2.13333333333,50.0,33.2,34.8,558911.4,100384.9,523.9,118.2,2.2,1
47.3,31.5,39.9,583813.0,91107.6,517.7,94.3,3.2,35.0,27.1,30.3,530993.1,91897.8,595.3,100.7,2.4,1
32.6,33.0,24.0,557032.266667,74507.3333333,559.4,65.5,2.13333333333,44.7,31.5,27.3,467703.8,76217.6,457.1,146.0,2.8,1
48.3,25.5,24.4,631645.1,69659.2,435.9,101.5,2.5,38.8,34.9,33.4,616200.1,108477.6,592.7,88.5,2.4,0
49.8,37.4,22.2,462476.9,86626.9,465.0,88.7,2.2,37.35,33.85,35.95,676681.6,107476.6,695.65,80.4,2.6,0
48.8,28.2,32.2,590451.7,90637.0,622.3,150.4,3.0,35.3,33.1,29.3,592975.6,91518.1,652.6,59.6,1.7,0
42.6,33.0,30.6,575666.2,99935.9,667.8,95.5,2.8,50.9,27.5,30.6,545045.4,86117.7,467.3,86.4,3.1,1
53.2,24.9,34.4,568277.5,96199.4,551.3,140.0,3.1,31.7,26.0,24.8,674014.6,77225.1,706.1,74.9,2.3,1
35.7,26.4,27.1,536088.5,72122.7,536.8,146.7,2.0,29.0,23.4,34.3,663829.6,78625.8,660.2,98.0,2.7,1
45.1,34.5,34.6,513321.5,105616.9,414.3,172.4,2.5,50.4,34.2,27.5,503764.5,86534.6,503.0,156.7,2.4,0
35.4,30.5,22.4,505363.0,72407.5,422.0,112.7,2.0,41.7,29.9,37.1,647317.3,114955.7,741.9,125.0,2.5,0
42.6,31.7,27.0,584860.7,92752.0,720.8,105.2,2.1,44.7,29.2,31.6,576611.4,87814.4,636.7,117.8,2.9,1
49.3,28.6,31.0,694380.9,101167.1,699.4,121.1,2.8,50.3777777778,26.5111111111,20.9888888889,481304.844444,70354.3222222,454.444444444,151.266666667,3.05555555556,1
32.4,34.5,31.9,613871.6,83315.4,588.7,82.6,2.4,55.9,34.2,29.5,470226.2,86846.6,445.3,134.5,2.3,0
41.2,34.8,30.4,568953.9,89415.3,606.9,108.6,2.3,42.6,29.3,30.3,569579.6,87123.2,629.0,143.8,3.5,1
42.0,34.0,36.6,648500.5,111422.1,675.2,92.7,3.0,44.0,33.5,37.2,655885.6,98392.1,584.5,99.6,2.5,0
39.6,32.4,31.8,586813.3,97227.3,595.8,75.0,2.0,39.0,41.1,34.9,626054.5,107302.0,789.3,56.6,1.5,0
43.0,36.8,25.1,478727.6,82792.8,464.6,122.1,1.8,50.2,30.9,25.8,456173.7,80777.1,420.6,136.5,2.2,1
37.8,33.6,28.7,651712.2,91415.3,768.4,113.9,2.2,40.0,31.7,28.8,570504.6,82002.0,573.9,84.5,2.2,1
36.3,27.3,23.4,539432.4,77263.2,510.0,86.6,2.1,40.2,32.6,34.7,579712.3,90756.9,452.8,91.0,2.9,0
33.2,27.5,26.0,569746.0,86618.9,532.6,98.7,2.4,37.2,33.9,34.7,646491.4,101355.4,671.9,85.9,2.7,1
33.3,28.7,24.2,449723.0,79029.0,604.6,98.4,2.1,35.1,28.7,35.1,601478.4,98672.9,656.4,78.7,2.7,0
40.1,33.9,35.5,511159.1,90370.9,487.6,62.8,2.8,46.6,30.2,39.7,542726.1,101204.4,531.2,87.7,2.6,0
43.4,29.2,28.6,446866.7,83308.6,468.8,78.6,3.0,31.7,33.2,27.3,620026.4,82040.0,517.7,98.3,2.3,0
47.1,34.7,38.3,651187.0,108347.8,602.9,119.7,3.1,41.2,30.4,26.8,488497.2,85078.2,527.9,103.4,2.4,1
31.6,29.6,32.4,646264.9,97193.1,753.4,84.1,2.6,48.6,38.8666666667,36.5666666667,599983.433333,109635.2,558.666666667,99.7666666667,2.7,0
34.3,29.7,25.5,553870.1,85401.8,672.3,71.4,1.9,43.2,26.3,31.5,624303.9,104170.6,775.9,136.1,2.7,0
32.9,28.2,35.4,526547.0,86133.1,616.0,88.9,2.2,41.8,29.8,35.0,651515.3,99787.6,575.5,118.4,2.4,1
52.2,28.8,29.8,512868.0,86881.6,536.9,159.3,2.7,41.4,28.0,27.1,595226.1,83364.5,710.5,119.8,2.3,0
36.8,27.1,29.3,567396.9,86715.1,520.9,99.9,2.2,36.5,30.7,27.2,582184.4,84494.4,587.2,82.2,2.3,1
37.9,26.0,23.2,447610.9,66133.3,512.9,97.8,2.3,29.9,27.2,33.3,597265.2,96372.5,744.7,72.7,2.5,1
53.6,29.2,31.0,549186.0,84906.7,485.8,166.3,2.9,41.05,27.25,27.95,480688.25,85688.8,586.1,106.05,2.8,1
51.4,32.0,31.1,474132.2,100179.1,530.0,131.7,2.3,40.5,28.1,30.4,475698.4,84399.0,602.8,80.9,3.2,1
34.6,31.2,35.7,579120.7,88793.7,582.7,93.5,1.9,42.9,31.7,26.9,589173.6,96243.1,645.6,86.3,2.0,0
44.0,30.3,30.4,583848.2,90137.5,535.1,96.7,2.3,40.3,29.6,23.8,430012.0,62555.8,366.8,59.5,2.2,0
46.2,25.4,21.6,442067.6,71246.6,438.6,112.1,2.7,42.2,25.8,28.5,721637.5,101853.4,699.3,84.0,2.9,1
35.6,28.9,29.6,586575.0,87645.0,631.2,130.0,2.4,41.1,28.3,23.9,514392.3,66240.0,488.7,130.8,2.7,0
52.7,35.0,32.5,588294.6,98599.4,625.9,115.9,2.4,32.4,29.0,33.6,604594.3,96610.4,795.4,78.8,2.7,1
45.7,32.9,30.7,500776.9,87290.7,421.5,103.0,2.4,50.6,40.9,31.8,593419.3,97285.0,504.7,87.9,2.2,0
37.7,30.2,36.0,589349.3,95124.6,538.4,107.3,3.0,38.0,32.7,32.8,708386.6,90777.2,568.1,102.3,1.8,1
46.1,26.7,23.7,516289.7,78329.0,595.6,115.5,3.0,57.9,34.2,38.4,632765.2,103202.7,553.4,149.6,2.6,1
53.9,23.7,26.4,479912.7,65657.9,486.4,125.9,3.5,47.8,21.9,28.0,500509.0,85437.4,527.5,155.2,3.1,1
41.8,28.8,30.6,553900.3,84234.9,580.4,110.0,2.9,34.0,28.1,33.1,644345.0,102456.9,773.8,84.3,2.7,0
30.6,30.4,32.2,596304.8,91736.5,598.4,112.1,2.5,46.1,38.1,23.7,546680.6,86590.7,575.8,108.4,2.7,1
39.1,29.6,29.8,549487.9,81541.1,581.3,110.4,2.7,33.0,27.6,27.4,523860.1,84329.1,582.9,109.8,2.2,0
47.3,27.6,30.1,647521.0,108520.0,662.3,104.9,2.6,27.8,26.9,26.0,551665.6,70268.6,549.2,103.5,2.4,1
43.8,30.7,31.2,604080.7,94552.4,655.2,106.3,3.1,43.8,24.5,32.3,530157.9,78947.8,491.5,91.8,3.3,1
48.7,31.5,28.2,543930.0,77808.4,610.1,144.3,3.0,64.9,25.4,19.3,391270.7,61811.3,313.4,146.7,2.6,1
37.0285714286,34.2571428571,26.3857142857,533909.5,91617.1714286,622.242857143,102.342857143,2.12857142857,43.0,33.9,29.0,497873.1,84828.7,529.4,107.7,2.1,1
35.4,30.7,33.4,675739.3,99127.5,652.9,84.4,3.1,45.1,35.1,30.8,522309.6,85103.9,544.8,123.2,2.1,0
40.7,32.1,29.5,501527.4,81681.3,470.1,129.5,2.1,43.4,23.4,21.2,343324.1,70010.8,410.5,149.8,2.5,1
43.5,30.6,27.9,567817.433333,93312.3333333,621.333333333,118.266666667,2.5,39.5,33.7,33.8,648902.9,99311.7,539.9,114.0,2.5,0
40.9,24.1,26.8,531032.9,80706.1,643.0,97.4,2.4,48.1,37.4,28.7,463640.8,89075.5,531.3,117.8,2.2,1
43.7,27.6,35.6,609912.1,103068.4,604.7,105.6,2.4,37.1,30.3,23.2,458208.6,69266.1,516.5,110.0,2.4,1
41.2,27.8,24.9,517432.4,81814.0,578.6,76.2,2.4,48.6,27.9,19.2,437863.8,63939.2,480.9,117.8,2.2,1
44.9,26.0,26.1,574480.4,81290.0,578.9,132.6,2.3,28.4,32.7,33.6,674403.1,95909.8,820.0,94.9,1.9,0
44.3,23.6,18.3,320039.7,61240.4,431.3,137.9,2.5,35.6,26.5,30.2,539527.5,72242.3,453.0,116.8,2.9,0
41.1,31.4,27.4,520951.8,93543.3,582.5,87.0,2.9,45.1,26.0,26.0,581746.8,83968.2,674.2,78.0,2.6,1
39.6,30.2,30.9,506785.7,80703.3,578.6,85.3,2.2,43.4,29.0,26.1,500825.9,84809.4,463.2,117.5,2.3,0
48.6,28.3,21.9,399709.1,68803.2,411.5,127.9,2.6,37.9,31.1,39.1,666679.6,108998.9,690.2,104.4,2.4,0
49.7,33.7,31.5,454586.6,85293.6,415.9,129.3,2.6,38.4,38.8,29.1,575588.7,89835.5,606.3,95.0,1.9,1
35.7,23.6,36.6,536852.9,96532.3,611.6,100.1,3.5,46.7,27.5,26.7,491619.7,77684.3,496.2,136.8,2.7,1
41.9,32.0,28.0,493137.1,84849.5,521.3,79.0,2.3,40.8,26.1,27.2,507500.3,71440.2,475.6,120.5,2.7,0
43.0,30.1,32.1,555363.2,92863.0,474.4,114.4,2.9,44.1,28.2,32.9,555312.6,84493.6,467.1,135.7,3.2,0
44.6,28.4,32.7,672593.9,107087.2,687.7,118.3,3.8,42.5,27.1,36.6,711339.4,100728.7,676.5,124.1,2.9,0
41.0,31.0,35.4,671030.7,94687.5,745.5,105.9,2.5,39.9,30.5,30.2,594638.6,87048.8,526.5,94.0,2.3,1
45.3,30.2,24.8,505907.4,76028.2,556.1,123.1,2.6,39.1333333333,35.1333333333,37.9666666667,682982.1,105394.3,757.266666667,130.666666667,1.76666666667,0
34.4,27.4,25.7,496336.2,73420.0,487.2,83.9,2.7,44.4,29.2,35.5,654597.3,102266.7,667.4,114.8,2.3,0
38.7,26.8,24.9,598744.6,87474.3,739.2,130.0,2.7,36.0,30.1,33.0,660426.2,100247.7,819.1,95.7,2.6,1
41.5,36.0,29.8,537378.0,102042.8,668.1,135.1,2.6,35.8,33.9,30.6,645403.7,86708.3,634.8,110.9,1.9,0
44.3,32.1,30.0,560382.0,95649.3,648.4,69.0,1.9,48.9,29.4,29.2,542168.6,76906.6,477.9,148.8,2.7,1
31.0,34.6,31.2,609200.2,82438.2,584.6,117.6,2.2,41.1,29.0,27.2,414427.6,72119.8,387.3,123.2,2.4,1
39.6,28.7,39.6,745596.7,101611.6,711.6,85.5,2.2,40.2,26.8,40.9,689389.8,111148.3,813.5,100.0,3.1,0
46.7,28.9,29.5,525798.3,87479.7,552.9,137.0,2.7,51.4,31.3,25.3,527839.3,81474.4,588.0,115.7,2.6,1
37.5,33.1,26.8,659743.3,85377.8,625.3,108.3,2.6,45.7,31.2,25.6,552217.9,88606.3,555.7,98.9,2.1,0
33.9,29.2,30.9,584283.8,77047.6,606.1,112.2,2.4,50.9,24.5,25.3,437914.5,73692.6,435.5,151.0,3.0,1
34.7,31.8,33.7,746905.9,115123.5,836.3,84.7,2.4,39.25,33.35,24.0,402367.1,82284.85,527.15,129.75,1.55,1
46.3,32.5,36.5,649713.4,107081.7,619.3,108.7,2.7,40.3,42.3,39.8,777284.9,127332.9,745.7,72.6,2.5,0
39.7,28.3,33.7,463827.2,83083.7,495.4,115.8,2.5,45.3,28.0,26.4,526433.8,77299.6,443.6,139.2,2.9,0
51.5,30.6,28.8,540223.8,87283.6,481.2,110.0,2.9,42.7,25.9,31.7,588809.7,99548.8,634.9,107.3,2.4,1
47.5,29.8,24.6,491772.1,82224.9,498.0,129.0,2.2,41.5,30.4,28.7,506934.0,79610.0,500.6,103.1,2.7,0
40.2,26.8,21.7,476773.2,73287.3,584.7,93.4,2.1,40.1,28.0,30.6,689877.5,86730.3,732.5,107.6,2.8,1
44.4,30.7,32.0,683923.5,97355.5,831.2,113.2,3.0,53.1,27.4,26.7,525898.8,81439.9,406.7,214.4,2.9,1
33.8,32.1,24.3,492990.2,72094.6,595.0,103.3,1.6,45.3333333333,39.0666666667,27.7,533505.366667,82232.8333333,543.4,126.3,2.26666666667,0
37.3,27.1,31.8,602016.4,92654.7,654.8,114.1,2.9,39.3,27.8,32.1,633772.8,80076.7,636.3,92.0,3.3,1
45.7,26.0,25.1,492122.5,77021.8,488.6,147.9,2.6,40.4,25.5,23.3,557236.9,79652.8,578.4,126.7,2.5,0
39.7,30.2,27.2,536937.4,81808.9,613.8,81.6,2.3,39.3,31.0,26.8,510785.1,77371.6,465.1,129.6,2.4,0
46.2,33.5,34.7,623055.2,106377.8,722.0,90.4,2.3,52.8,30.4,26.7,447168.1,80962.7,439.4,137.0,3.0,1
48.7,38.9,26.7,562338.6,96137.8,452.9,79.3,1.7,41.6,35.8,43.6,618178.5,107404.7,537.0,71.7,2.6,1
38.6,26.8,32.2,438857.3,79623.0,471.0,80.9,2.7,40.3,34.3,32.9,542931.6,86377.8,500.4,116.2,2.5,0
35.1,29.4,31.9,626663.8,92432.1,637.5,105.0,2.1,36.3,29.6,32.7,728113.4,112212.9,832.4,100.3,2.5,0
49.1,30.6,29.8,575473.1,95377.5,631.3,116.5,2.5,38.4,26.0,29.4,611576.8,91386.9,709.9,69.7,2.5,0
33.5,28.0,22.4,536234.75,70055.0,527.05,108.45,1.6,39.4,34.9,34.1,740011.3,99235.8,766.1,97.3,2.1,0
38.9,40.3,33.6,788210.5,108194.0,619.7,109.3,2.1,46.6,42.6,39.1,601339.2,111991.9,552.9,53.4,2.1,0
43.4,33.4,32.5,626014.9,93498.2,640.6,103.9,2.5,45.1,27.7,30.2,595925.6,94975.8,657.6,109.8,2.7,0
40.3,22.6,20.7,463610.1,73036.7,527.7,122.6,2.0,36.3,36.9,36.6,606741.7,96967.8,454.7,111.6,2.4,1
38.5,33.2,25.7,450164.5,73322.4,444.7,134.6,2.5,42.2,26.7,17.9,425969.7,74843.9,550.3,90.6,2.3,0
54.3,26.0,25.9,355069.4,74249.1,431.7,117.6,2.6,51.1,29.9,27.5,512295.2,84215.5,419.8,153.5,2.1,0
39.8,21.7,25.8,511635.7,70784.0,472.0,110.6,2.3,48.3,36.4,36.6,588687.1,97034.0,548.0,130.1,2.8,1
41.6,32.6,27.8,524125.9,82759.1,597.1,76.3,2.4,33.7,31.4,20.8,611939.3,69348.8,514.2,75.0,2.0,0
49.8,33.1,32.6,574473.0,93618.7,529.7,98.7,2.2,45.2,34.2,37.2,650765.5,104061.0,642.0,118.9,2.2,1
38.4,26.5,32.4,617167.8,83744.6,691.2,75.9,2.6,40.0,40.5,35.7,629517.8,100491.4,609.4,73.3,2.5,1
51.6,31.3,33.8,590647.2,104594.1,621.8,142.6,2.8,36.5,30.3,25.0,545297.6,80522.5,632.3,115.9,2.4,0
46.9,27.1,32.8,629319.2,92199.4,718.8,120.5,2.9,39.9333333333,26.6666666667,22.4666666667,494210.1,73851.9,542.266666667,135.833333333,3.06666666667,1
38.2,30.3,31.2,528154.1,88990.0,532.2,107.2,2.3,40.3,37.3,33.9,630436.3,88482.1,572.9,115.8,2.7,0
45.3,29.6,32.2,585878.7,107672.0,576.2,68.1,2.5,49.4,33.6,34.3,522496.8,89085.6,472.0,99.0,2.7,1
47.7,33.4,27.5,611925.8,95537.6,525.5,154.8,2.0,41.7,30.1,33.6,559977.4,96640.0,589.9,108.0,2.7,1
35.7333333333,32.4666666667,32.9333333333,553232.5,78730.2333333,480.7,118.866666667,3.3,36.5,28.8,29.4,562832.6,89721.8,656.9,78.5,2.7,1
46.1,33.8,32.4,630711.9,92530.9,583.0,106.5,2.3,56.4,31.4,25.8,416651.5,84211.9,464.7,168.6,2.0,0
40.7,35.6,33.6,502054.6,90232.6,527.4,74.8,1.9,46.0,27.7,27.3,596009.5,86402.0,532.5,89.6,2.8,1
36.5,28.0,38.1,569915.6,91895.5,687.6,54.2,2.7,37.8,37.9,34.7,589691.8,98600.1,632.0,73.0,2.0,0
41.0,31.5,29.2,483222.6,75710.7,395.0,81.1,2.6,44.6,30.1,36.1,691938.6,100427.0,552.9,139.2,2.4,0
46.0,37.0,33.6,621123.5,94608.8,544.4,89.4,2.1,42.8,32.8,32.3,628990.4,79580.5,464.1,115.7,2.5,1
38.3,26.95,19.9,440746.35,65499.75,543.2,81.4,1.85,24.9333333333,30.9,22.6333333333,533580.6,68114.4,588.7,59.6,1.83333333333,1
42.6,36.3333333333,17.2666666667,362428.133333,65187.9333333,383.2,144.0,1.76666666667,37.6,33.7,27.2,479603.1,75735.8,488.5,98.7,2.2,0
38.9,34.1,32.4,513306.5,82489.3,461.9,83.2,2.5,41.7,32.2,40.5,553025.65,90176.35,562.2,93.7,2.4,1
41.4,30.1,32.7,599491.8,92488.6,724.9,105.6,2.9,43.3,32.6,28.2,556682.3,87088.3,583.0,89.3,2.5,0
44.5,32.0,36.1,631638.1,94545.7,685.1,109.5,2.3,42.4,32.7,30.0,590579.7,94874.0,694.5,109.5,2.2,1
37.4,34.8,29.4,658866.1,99611.5,709.0,76.7,1.8,45.4,37.2,33.8,538401.85,99712.55,519.1,184.1,2.5,0
37.1,37.9,40.7,681925.8,115823.1,689.8,87.1,2.5,43.6,26.9,33.6,551277.9,82427.5,535.5,151.0,3.4,0
49.2,27.0,32.7,542906.6,93104.1,549.4,105.8,2.5,35.8,27.9,30.3,606597.5,99521.4,587.5,91.2,2.1,1
36.0,30.2,27.9,511766.2,81846.7,579.3,96.7,1.8,38.5,29.6,29.8,606401.8,88498.4,742.7,110.5,2.3,0
43.0,29.0,27.9,502792.5,80003.4,586.0,109.3,3.3,51.7,25.5,25.8,496412.8,81742.1,357.7,190.5,2.2,0
57.3,32.5,28.8,603593.9,92221.5,425.3,111.1,2.0,35.7,35.9,28.0,588587.1,88279.0,511.1,97.0,1.8,0
49.5,28.1,33.1,582172.1,89216.2,601.7,132.1,2.9,35.0,28.5,35.9,638055.1,94532.6,816.7,107.1,1.7,1
42.3,34.2,24.4,467964.3,70554.5,509.6,105.1,1.7,43.7,26.0,38.0,551016.5,91169.0,585.9,81.3,3.4,0
40.8,31.0,38.5,548008.9,99437.4,507.2,58.8,3.1,29.6,34.5,27.9,462250.3,80635.3,484.2,72.9,2.0,1
37.0,28.6,29.2,505035.7,80920.1,455.4,99.6,2.6,42.8,32.0,38.8,679257.7,106726.9,667.6,89.5,2.6,0
39.1,30.0,34.4,630425.8,102465.6,716.1,106.4,2.6,48.4,28.9,32.5,576632.3,86121.4,571.1,134.8,3.0,0
35.25,32.0,22.175,433176.525,70409.3,357.975,66.65,1.725,49.275,39.85,20.925,410386.1,72346.225,397.4,61.325,1.925,0
36.6,29.3,20.4,432189.4,76153.4,491.2,88.2,2.1,44.9,25.0,27.3,511920.4,82935.3,545.2,128.1,2.7,0
41.3,24.9,23.5,574368.8,72483.8,611.3,121.7,2.3,45.6,23.6,26.9,540981.2,87884.5,651.6,124.5,2.8,0
52.7,38.0,30.0,573955.5,92528.0,588.5,90.8,2.0,58.7,27.1,38.7,636673.2,107994.8,594.3,107.4,3.1,0
39.8,29.3,21.1,470267.1,77211.2,623.3,106.6,2.2,43.5,35.0,27.8,604228.3,89028.6,556.1,85.0,2.0,1
39.5,30.2,30.3,487008.0,74801.0,512.8,131.2,2.2,50.3,25.4,31.5,604119.4,90240.3,508.8,147.3,3.6,0
46.0,31.6,28.3,553032.4,91207.6,538.2,105.0,3.0,52.5,30.2,28.4,495601.6,90739.9,478.4,144.1,2.6,0
41.9,24.3,26.4,462197.0,66546.4,437.4,145.5,2.9,47.5666666667,23.1333333333,32.1,553443.133333,96215.3333333,689.033333333,129.866666667,3.33333333333,0
47.0,35.0,32.2,556344.1,82745.1,608.6,180.1,2.8,43.7,29.8,30.2,615319.9,92830.1,696.9,125.1,2.6,0
38.6,42.2,28.8,663153.7,100124.6,668.5,111.1,1.9,45.8,32.0,25.8,484259.6,82721.8,562.2,89.8,2.2,0
43.2,28.0,32.0,555410.2,94949.0,533.8,110.5,2.3,41.2,31.2,27.0,486195.0,80087.7,475.7,111.4,2.2,1
47.0,21.9,23.6,527922.2,78655.3,643.0,131.7,3.1,44.3,21.1,29.6,523823.1,93627.7,629.5,147.4,3.3,0
47.2571428571,32.8857142857,36.9142857143,513791.2,87774.5428571,415.428571429,98.6714285714,2.61428571429,44.4,32.1,31.8,571206.9,106197.6,511.4,137.2,2.2,0
46.8,34.9,30.1,541844.0,91263.8,599.1,103.0,2.3,33.3,37.3,46.4,637136.4,122247.4,671.8,63.6,2.3,0
44.6,36.1,31.6,628833.6,85420.2,420.6,96.7,2.4,36.5,30.8,28.5,457505.5,75583.0,423.9,73.7,2.5,0
29.0,27.1,28.4,564367.866667,78902.0,714.033333333,76.5,2.46666666667,42.7333333333,33.6333333333,36.7,644782.6,104791.633333,645.766666667,124.933333333,2.7,0
33.5,29.4,26.7,599196.1,78940.2,665.1,113.6,2.1,38.8,31.7,29.7,651112.3,85809.0,608.9,164.9,2.3,0
31.8,30.0333333333,24.8666666667,623592.7,84799.0666667,792.1,86.3333333333,1.9,30.2,26.2,32.2,579589.5,80535.6,585.8,118.8,2.7,1
41.4,29.5,24.7,519729.0,72021.2,518.6,119.8,2.4,47.0,30.8,39.5,636626.1,100524.2,469.6,121.3,2.9,0
43.9,29.8,29.4,656733.3,96729.5,696.0,127.1,2.3,50.0,28.3,26.9,483228.0,80115.9,571.7,139.9,2.4,1
50.4,38.8,32.2,578106.5,90060.1,547.9,129.2,2.6,40.6,31.3,31.2,569190.6,93682.2,629.5,93.9,2.6,1
35.8,37.2,41.8,681685.8,101415.8,639.3,100.2,2.0,36.6,33.2,29.0,574869.9,94231.6,638.0,98.2,2.2,0
41.7,26.8,24.0,435391.5,69280.7,446.2,130.4,2.1,46.8,25.8,30.8,666636.7,90784.9,508.0,90.1,2.7,0
51.2,27.8,26.1,509540.9,77267.0,513.7,119.1,2.8,36.7,25.7,24.0,518272.9,67278.0,562.8,114.2,2.3,1
51.6,30.1,26.6,554144.6,81772.3,488.9,164.8,3.0,42.8,26.3,31.7,575092.3,100190.3,685.7,84.8,2.7,1
35.3,26.1,30.3,604847.4,90738.9,778.5,112.7,2.2,47.7,35.5,29.6,493752.5,84500.7,589.3,88.9,2.2,1
38.2,30.9,36.3,575776.2,95119.1,681.9,83.5,2.2,41.0,32.8,31.6,621327.8,95644.4,636.3,86.1,2.9,1
47.9,31.7,30.7,559679.9,90726.0,532.1,118.5,3.2,46.3,33.6,35.2,600387.9,103684.9,580.7,122.3,2.3,0
43.3,24.1,37.2,546112.5,114961.7,659.3,112.3,3.1,33.6,34.9,29.9,597959.2,89136.0,635.9,101.6,2.1,1
42.7,34.6,35.6,636266.4,99818.1,658.6,121.3,2.6,42.3,26.3,36.4,785200.6,105826.8,721.6,109.3,3.0,0
47.9,33.5,29.5,550578.4,73781.5,460.7,129.5,2.2,32.4,30.3,32.0,562118.9,86262.1,729.0,79.6,2.5,0
39.0,27.6,29.2,584885.3,85051.3,551.1,102.9,2.5,38.5,31.0,28.0,622460.8,95845.8,724.8,91.8,1.8,1
36.9,28.1,28.1,573292.4,82156.4,633.9,88.7,2.9,33.4,32.7,26.9,665288.4,98870.5,786.5,91.5,1.6,0
34.6,29.9,32.7,628522.9,84886.6,517.0,126.8,1.9,35.8,27.6,31.1,627170.2,93065.0,628.5,113.5,2.2,1
39.8,30.7,31.0,638812.1,83368.4,635.9,79.1,2.7,43.8,29.0,30.1,505191.0,87333.9,567.6,109.3,2.1,0
42.1,32.9,26.6,645883.7,84068.2,571.4,113.2,2.4,34.4,32.7,41.8,778022.5,118004.7,678.9,106.9,2.7,0
41.4,29.7,30.9,532520.6,88697.7,591.5,141.0,2.1,38.7,26.3,27.8,561776.0,80765.8,520.3,145.7,2.6,1
45.6,36.1,41.9,467093.2,91249.7,445.4,127.5,2.5,45.5,26.5,27.5,385030.5,78101.6,453.9,137.9,3.0,1
40.6,34.1,26.0,526674.5,80026.1,645.2,99.7,2.0,37.1,29.0,25.6,463521.7,71790.9,547.2,106.0,2.5,1
52.8,25.1,25.4,472007.5,84317.4,486.6,90.0,2.9,36.2,36.9,36.7,619940.5,99995.8,542.6,77.0,2.0,1
46.1,32.6,25.6,469349.1,77224.1,462.2,94.1,1.8,44.0,42.4,40.65,826127.9,123025.5,649.75,95.85,2.4,0
35.4,37.8,40.2,598407.2,106310.3,590.1,106.3,2.9,44.5,29.0,27.8,479644.7,78357.1,420.8,123.6,2.5,0
41.3,25.4,31.4,596984.9,82574.6,556.3,118.0,2.9,47.4,26.5,24.7,533815.7,89626.3,613.8,95.0,2.2,1
37.8,32.6,34.6,643209.0,90254.3,652.7,82.4,2.6,40.3,27.4,24.6,585215.7,81057.2,526.5,111.8,2.5,1
37.6,31.2,32.4,609935.1,90035.2,616.3,113.8,2.3,45.7,30.0,22.9,452880.1,77900.7,499.5,132.4,3.1,1
45.3,29.8,26.8,558524.6,78401.7,475.5,141.1,2.7,30.8,25.5,35.4,579937.4,82315.7,684.7,92.7,3.4,1
43.3,31.9,29.2,449974.7,86786.5,475.4,91.4,2.3,45.7,33.5,25.2,521537.2,88801.0,477.8,170.5,2.3,1
46.6,31.2,31.7,651439.5,95488.0,738.2,147.3,2.7,38.8,35.3,38.5,616716.0,103053.2,671.5,119.7,2.3,1
36.1,32.4,37.5,560314.2,90074.5,550.7,104.4,2.3,53.5,27.1,25.5,537711.1,81365.4,550.7,159.4,2.2,0
31.6,31.7,28.2,504089.2,78369.2,556.2,87.7,1.9,27.6,27.2,33.8,615583.4,77227.0,439.3,104.3,2.5,0
39.3,24.2,27.9,510896.7,76262.1,677.7,154.1,3.0,39.9,26.5,24.9,534684.1,77456.4,610.7,112.8,3.0,1
45.2,30.2,19.4,401875.7,62052.6,329.6,136.6,1.8,52.4,27.7,22.4,359860.9,64129.0,336.9,111.6,2.3,0
45.5,31.5,35.2,528111.5,86355.0,427.3,86.3,2.3,40.7,30.3,28.1,500143.7,80867.3,517.3,114.9,2.1,1
33.6,23.9,36.2,595440.6,98259.3,585.5,79.6,2.4,57.5,30.5,28.4,457191.4,80360.9,454.4,118.6,2.7,0
38.5777777778,37.4888888889,23.5555555556,479053.677778,78532.5888889,409.866666667,71.2888888889,2.01111111111,38.4,34.3,26.2,484997.325,87794.15,558.625,81.975,2.025,0
41.0,39.5,34.9,695625.5,93252.9,537.7,103.2,2.0,39.1,38.2,42.5,611210.4,105705.1,545.7,83.9,2.2,1
43.1,30.1,27.1,527825.0,80467.7,607.1,128.5,2.6,43.4,31.6,32.1,743311.3,104636.5,657.3,121.9,2.2,1
38.6,29.1,36.8,554155.6,94966.7,569.9,114.6,2.5,41.6,30.3,30.2,573767.5,85034.8,583.7,106.7,2.4,0
36.1,37.8,33.9,647260.8,86276.1,526.1,77.6,2.3,29.0,27.3,36.9,543035.4,94160.3,526.2,102.5,2.0,0
43.7,33.7,30.7,549528.2,87403.0,550.1,86.6,2.3,42.1,33.6,31.9,632584.3,106111.0,755.8,91.0,2.6,0
41.8,29.1,32.8,650484.5,94578.9,686.6,89.2,3.2,33.7,27.4,28.1,493631.4,75493.15,634.2,80.65,2.05,1
47.7,28.4,19.7,422589.2,71296.7,424.9,137.6,2.2,39.5,38.7,37.8,603957.6,98158.6,546.5,136.3,2.1,1
42.4,21.5,31.5,576017.5,82923.5,430.1,109.8,3.2,37.8,29.1,24.2,490204.0,73370.9,498.1,113.9,2.5,0
51.3,41.2,37.6,602230.2,107809.6,446.9,74.7,2.9,50.9,34.9,35.8,594695.6,100906.0,523.2,119.2,2.6,0
44.0,33.6,32.4,425054.8,78002.6,362.5,109.8,2.0,40.2,26.6,33.0,504584.4,81128.7,515.6,116.0,2.1,1
40.2333333333,35.8666666667,26.8333333333,457269.2,82142.5,488.666666667,63.1,1.5,45.5,37.3,38.1,553558.5,106741.2,547.3,87.2,2.0,1
37.2428571429,30.4571428571,22.8714285714,424358.114286,73647.2285714,526.157142857,93.7142857143,1.98571428571,41.1,33.3,27.6,567619.7,89666.4,620.5,115.2,2.1,0
40.5,25.1,30.1,523506.6,82007.0,696.2,111.5,3.1,47.6,31.5,29.9,610742.1,89197.8,608.6,141.8,2.6,0
40.4,30.3,25.5,459025.4,65865.4,392.2,101.2,2.2,50.9,31.9,34.0,580983.3,104870.3,605.5,113.2,2.9,0
50.7,30.0,29.4,402105.2,83464.1,470.1,125.7,2.3,40.8,34.9,38.4,669674.1,103776.9,640.4,98.9,2.5,0
36.4,28.3,36.9,717740.6,98034.2,694.1,82.6,2.1,41.5,27.4,28.9,454311.5,82212.5,509.2,122.8,2.9,1
44.3,39.8,32.2,715014.1,100648.4,723.3,105.2,2.1,39.5,29.4,23.3666666667,457760.2,64561.0666667,430.5,105.4,1.9,1
37.9,30.0,33.1,579857.1,92831.1,611.7,98.0,2.3,35.8,28.5,42.2,733558.7,111862.7,628.0,94.1,2.7,1
44.9,32.2,37.3,548493.5,96518.1,523.9,76.8,3.1,47.7,36.8,31.8,574244.1,92064.1,591.6,114.5,1.9,1
41.5,35.4,26.9,602676.2,90627.8,634.9,115.9,2.5,42.4,30.2,24.7,525108.6,79417.8,501.2,129.7,2.4,0
39.2,25.8,32.0,610540.7,79623.6,506.4,88.0,2.9,32.5,37.1,22.5,497649.9,73483.2,520.6,89.0,1.7,1
39.4,32.0,30.2,643214.3,102450.9,768.2,96.5,2.1,42.9,26.1,27.5,537079.9,85566.1,653.4,132.3,2.6,1
29.2,32.2,36.6,619513.5,90154.6,685.7,90.3,2.3,38.0,28.7,38.4,677705.7,100785.8,656.7,90.8,2.3,0
42.6,30.7,37.6,596823.3,91885.1,535.2,131.2,2.6,40.2,28.0,41.2,648738.5,103411.5,574.9,123.2,2.8,0
61.8,35.0,34.9,532072.7,102430.8,555.8,88.5,2.6,50.2,39.0,30.4,482592.3,97383.2,438.2,170.3,2.5,1
39.3,33.4,32.2,605622.6,93720.3,689.1,101.3,1.8,52.8,28.5,27.6,549195.9,78491.1,427.2,100.3,3.1,0
51.7,32.0,32.5,627898.0,107241.1,749.3,142.0,3.1,42.9,26.1,23.3,442399.0,66198.7,449.5,138.4,2.7,1
31.5,31.0,33.8,735387.1,87453.6,742.8,88.3,2.9,33.7,25.9,34.8,684590.9,100494.0,784.8,96.5,2.1,1
34.2,28.9,33.2,680545.8,86465.9,604.6,113.8,2.1,30.8,29.2,29.3,664385.0,84944.6,716.1,110.1,1.9,0
34.6,34.7,26.9,651410.2,83812.5,636.2,130.8,2.5,47.4,29.9,24.6,483034.3,79955.7,424.4,144.2,2.5,0
48.2,29.5,27.9,461983.4,73401.9,414.8,115.2,2.4,45.7,32.8,25.3,524077.8,87575.5,426.8,105.4,2.0,1
51.6,32.5,29.0,523720.8,84600.0,543.7,103.6,2.6,36.1,35.9,30.2,525304.2,92335.0,447.15,78.05,1.9,0
40.6,23.2,28.9,524105.6,84991.8,504.0,140.9,2.5,45.9,34.3,30.3,611794.8,96855.4,581.1,101.0,2.1,1
42.1,29.0,32.1,599656.7,90516.3,677.6,129.4,2.6,36.0,33.1,30.1,539577.2,85798.9,564.4,104.1,2.6,1
50.0333333333,34.0333333333,24.1666666667,499920.4,79819.2666667,386.466666667,140.5,2.56666666667,55.1,34.4,32.7,484739.1,105240.9,511.3,106.5,2.1,0
37.5,19.2,22.2,484281.3,57313.3,506.9,122.4,2.3,38.8,26.5,20.5,475943.7,71172.5,635.0,126.0,2.0,1
43.6,35.1,38.1,691133.3,107404.1,688.9,110.5,2.8,44.5,32.4,33.2,551883.6,94770.3,609.2,84.1,2.5,0
39.1666666667,30.9333333333,31.6333333333,566656.433333,96612.5333333,642.333333333,95.2,2.8,51.5,32.6,27.8,585000.6,86818.1,635.7,128.1,2.7,0
47.6,33.3,31.6,657962.5,102381.6,734.2,118.3,2.6,49.3,36.9,35.8,727057.9,117295.1,633.6,120.9,2.5,1
44.9,29.3,27.2,530558.6,89752.4,484.7,63.3,2.5,44.3,35.3,36.5,658040.6,101160.1,662.3,94.4,2.8,0
50.5,23.8,25.1,459315.6,71415.6,389.3,118.3,2.8,34.4,31.6,28.6,637241.1,93047.7,675.8,98.7,2.9,0
39.4,31.0,37.6,490467.9,92589.4,523.5,84.6,2.7,36.8,32.5,23.4,476416.6,78591.3,580.7,91.5,2.1,1
37.8,28.5,32.9,543290.7,86866.4,658.4,90.5,2.5,38.6,30.9,32.6,573431.9,103188.0,575.7,86.0,1.6,1
39.575,32.7,41.3,628884.725,110624.625,733.975,110.275,2.4,38.3,27.2,31.8,560151.4,100005.0,651.0,139.1,2.1,0
37.7,31.7,33.4,595066.3,80809.4,498.4,102.0,2.7,48.9,29.2,25.8,541417.5,79221.1,545.8,134.8,2.1,1
52.8,27.9,24.5,407859.6,78150.3,452.3,126.1,2.5,37.4,29.7,34.6,615851.8,91453.2,681.4,95.4,2.9,0
48.0,28.5,35.7,522097.0,96073.2,598.9,123.2,2.8,38.2,32.1,33.5,603965.9,92988.3,626.1,117.6,3.1,1
45.8,33.1,31.2,563095.5,90853.7,559.1,102.1,2.7,33.2555555556,34.1555555556,28.0888888889,552142.188889,84700.0111111,592.422222222,107.6,1.34444444444,1
42.7,25.4,29.8,546509.6,83915.8,602.3,50.5,2.5,42.4,33.7,27.0,465828.1,75928.5,558.2,85.1,2.2,0
36.9,28.4,28.5,528476.1,79990.8,532.3,70.3,2.0,60.5,25.4,17.4,342414.9,68268.9,412.5,157.6,2.0,1
42.6,30.8,32.3,551989.2,96988.6,709.4,88.7,2.5,51.9,27.9,26.8,539328.5,84192.6,579.4,141.6,2.6,1
39.7,30.0,24.5,556057.1,74815.5,666.1,98.3,2.4,51.0,24.2,30.1,524461.9,85608.4,515.6,126.8,3.2,0
49.0,28.7,30.7,551364.1,91961.9,550.4,143.9,2.5,46.075,33.6,30.9,586037.375,99759.45,681.3,98.7,2.65,1
45.2,26.8,28.7,618007.4,83689.0,545.5,151.6,3.2,30.9,23.6,25.0,592284.0,84359.1,699.9,97.5,2.6,0
37.8,30.9,34.4,717321.6,91409.3,630.3,81.8,2.9,56.6,28.7,25.8,493110.9,78694.9,542.8,100.9,3.1,1
42.35,22.75,27.15,541971.4,78202.45,585.7,141.25,2.7,49.4,29.6,28.7,448316.0,82187.3,403.8,128.3,2.1,1
53.2,27.4,22.1,505713.7,85713.0,561.4,109.5,2.3,43.5,28.7,34.6,516328.9,88844.3,498.5,90.5,2.4,1
34.7,28.0,25.9,554377.8,76866.0,506.1,116.4,2.0,32.7,23.7,23.4,411139.4,70257.9,481.2,121.4,2.3,1
43.6,27.8,24.0,391233.1,66656.1,447.1,117.2,2.0,50.8,23.7,21.7,481461.9,71750.3,479.4,142.2,3.0,0
43.6,33.0,31.4,607771.2,96076.0,705.1,109.3,1.8,48.3,30.0,33.0,642138.4,104075.8,727.7,111.7,2.7,0
35.9,25.4,30.6,506618.8,83408.2,484.0,91.7,2.4,37.3,28.6,26.3,544179.5,75966.1,585.3,48.1,1.8,1
33.9333333333,22.5,21.5333333333,454159.133333,69528.4,571.933333333,93.2666666667,2.06666666667,47.9,31.4,30.4,555648.0,86522.0,484.3,113.3,2.7,1
26.2,30.4,34.7,641958.5,96294.1,764.1,80.0,2.8,36.3,28.3,28.7,505892.8,70832.5,433.4,86.1,2.9,1
35.4,34.3,33.5,638331.4,94802.3,688.7,94.6,2.8,33.0333333333,21.6333333333,23.2666666667,464057.8,71210.6333333,550.566666667,96.2666666667,3.0,1
46.7,26.9,23.0,456432.1,69386.3,463.0,118.3,2.2,33.0,32.4,29.6,545139.0,83090.3,577.4,86.1,1.8,0
47.7,29.8,23.2,563505.9,79324.6,458.4,91.2,2.2,48.1,25.3,34.7,584132.5,103150.3,536.3,136.9,2.9,0
34.2,29.8,33.4,597240.8,89537.9,586.8,102.1,3.0,40.3,31.9,32.1,639158.5,85423.9,579.5,113.2,2.3,0
47.4,32.3,29.7,410604.7,78701.6,431.6,56.4,2.8,40.8,33.0,33.9,641324.5,106123.3,650.8,97.9,2.3,0
29.1,33.9,31.3,650415.5,93445.6,638.6,72.3,2.4,31.5,26.1,22.7,560856.5,74181.2,586.1,70.6,1.9,1
38.3,31.9,21.7,442480.8,64205.5,400.8,115.1,2.1,38.4,34.0,34.6,688708.5,108727.6,765.0,123.2,2.6,0
42.4428571429,29.3142857143,33.7571428571,561709.742857,96333.3714286,594.5,72.3714285714,2.1,49.9,35.6,25.1,561113.4,93130.9,593.8,116.7,1.9,1
28.1,31.2,28.8,482907.9,80684.7,581.6,59.3,1.6,38.1,33.2,30.0,631094.7,102167.8,535.2,90.0,2.2,0
43.1,31.0,26.5,561089.4,93672.1,655.6,120.6,2.0,46.7,24.4,22.0,514838.5,73087.5,537.3,137.4,3.0,1
51.1,29.5,34.5,455710.1,91670.5,534.6,138.3,2.8,34.5,27.6,25.0,618927.4,78182.8,744.2,105.8,2.6,1
41.4,35.6,30.1,532795.1,89327.5,483.5,104.7,2.6,32.9,25.1,24.4,480123.8,69316.2,491.9,56.7,2.2,1
39.1,35.4,39.9,562678.3,105080.0,600.4,53.3,2.9,37.1,30.7,31.6,531618.6,85107.2,440.4,83.4,2.1,0
45.4,18.5,19.8,485145.0,63730.3,564.5,133.6,3.0,40.6,29.6,26.7,591739.6,73183.9,662.1,128.8,2.6,0
39.1,32.1,40.3,743474.3,111690.1,820.2,89.3,2.4,53.0,29.9,29.9,540550.6,94297.1,637.0,175.5,2.5,0
37.5,29.1,37.5,599206.1,98318.2,696.8,101.5,2.7,36.7333333333,35.1666666667,33.9333333333,510372.0,84682.3,577.166666667,86.9,1.7,0
38.7,37.1,23.9,492040.8,84301.8,510.6,73.6,1.9,35.1,28.9,32.9,573221.5,95995.4,593.6,105.9,2.7,1
44.0,35.0,26.9,606377.0,90497.2,565.7,83.2,1.6,51.1,25.7,39.4,558788.2,107428.6,554.0,114.2,3.3,0
43.9,25.0,37.7,589745.6,91812.9,535.1,149.1,2.9,46.1,25.1,28.3,563335.2,87061.3,497.9,135.4,2.4,0
44.9,30.4,24.9,574867.2,80485.4,596.4,116.0,2.2,39.5,29.6,33.3,597475.8,93981.8,641.0,86.3,3.0,0
33.0,40.25,26.525,578159.225,72549.95,518.575,92.875,1.625,56.3,33.1,31.1,596396.5,104614.0,572.0,154.5,2.7,0
37.9,29.4,38.8,579419.8,92931.6,459.4,128.9,2.6,43.8888888889,30.2888888889,29.4333333333,767625.866667,96295.7,601.611111111,129.088888889,2.65555555556,1
34.2,25.6,29.3,575679.4,84515.2,710.2,94.0,2.1,46.5,28.8,27.3,566667.6,86974.9,584.0,134.4,2.1,0
43.7,33.1,25.9,505111.6,79156.2,563.1,95.2,2.8,30.8,34.3,37.5,702311.7,111098.3,751.8,75.2,2.2,0
45.1,27.8,31.2,520871.8,86436.1,636.2,94.7,2.9,33.8,31.6,29.4,540394.0,82263.0,569.1,105.7,2.4,1
47.3,29.1,28.4,491523.1,93766.3,547.4,69.9,2.7,35.4,35.9,30.8,629109.7,89074.5,502.6,103.7,2.0,0
43.3,28.9,26.0,477461.1,71710.6,395.3,113.4,2.0,41.5,33.1,24.0,486433.0,71358.9,464.3,86.6,2.7,1
37.1,31.5,31.9,644523.4,95094.8,592.4,133.3,2.9,33.4285714286,30.1142857143,20.6142857143,549935.771429,73269.1142857,593.828571429,78.1857142857,2.14285714286,1
44.0,21.8,28.2,521051.0,67958.5,410.4,102.4,2.7,42.1,26.4,28.8,523930.9,78539.4,597.1,109.2,2.9,0
41.0,30.6,21.2,501770.3,62917.8,374.7,102.8,1.8,44.3,30.6,30.1,612702.7,87070.1,704.1,145.8,2.7,0
39.7,32.9,28.4,509769.5,81527.7,595.9,120.0,2.7,43.2,21.1,23.8,613191.0,77037.6,551.0,125.9,2.6,0
38.3,35.0,32.1,748967.0,105540.8,788.0,132.2,2.4,35.0,23.1,27.7,487948.8,67430.0,593.9,116.8,2.7,0
42.4,35.1,33.4,618246.2,95921.3,662.6,78.9,1.8,43.8,32.7,30.1,561152.3,88154.1,341.3,129.8,2.4,1
48.9,34.5,39.6,687766.5,120947.3,662.8,82.7,3.0,34.5,34.2,22.5,462484.9,73902.4,511.2,102.1,2.1,1
42.8,31.8,35.3,536358.0,93354.9,444.5,106.5,2.2,26.9,33.5,27.6,554769.9,93201.2,573.4,118.6,1.5,1
44.0,31.6,24.8,564878.1,85864.5,644.8,123.9,2.3,45.2,41.5,36.5,637168.2,104290.3,589.4,145.9,1.7,1
39.7,30.3,31.0,657832.8,85932.5,601.3,110.2,2.4,48.3,34.3,28.8,495150.9,86900.9,416.2,100.0,3.1,1
39.9,29.1,28.0,559921.4,80587.3,653.1,136.8,2.6,44.2,27.7,28.5,476054.8,77587.7,466.4,145.9,3.0,0
37.9,30.4,48.4,759398.1,101808.7,665.5,98.6,3.4,38.7,31.4,29.8,669301.1,111471.2,627.4,85.5,2.5,0
40.4,31.9,30.7,553031.4,88136.4,517.8,155.0,2.3,34.275,28.7,24.25,457521.15,77887.05,560.875,123.125,2.325,0
46.7,34.1,33.9,620252.0,98206.4,632.9,61.4,2.1,36.9,36.4,27.6,650389.7,102165.2,594.0,67.5,2.1,0
38.2,30.7,26.5,591620.1,85092.7,610.7,95.2,2.3,30.5,24.6,25.1,547712.9,76624.8,575.6,75.6,2.2,0
43.9,30.5,36.2,555179.6,94492.5,566.7,87.0,2.8,42.2,34.1,43.7,703441.2,110888.2,547.2,109.4,2.7,0
33.8,34.8,34.7,656879.6,102932.8,743.6,76.6,2.2,38.3,37.8,28.9,514266.3,81592.0,449.7,97.4,2.3,1
35.6,30.0,24.1,497215.9,75270.7,647.9,108.0,1.8,46.7,31.2,27.7,495594.4,80499.8,456.1,147.6,2.1,1
45.4,39.0,34.8,668629.8,101349.7,613.5,85.5,1.9,36.2,32.4,32.1,608607.7,88782.2,596.0,107.0,2.4,0
41.8,31.6,26.4,520031.8,81759.2,514.5,71.8,2.2,53.3,29.0,27.85,541754.05,83895.55,528.05,162.15,3.05,0
42.8,27.4,33.5,558198.2,98430.5,681.0,98.7,2.8,40.4,26.7,27.0,613038.3,76870.4,606.3,76.9,2.9,1
37.4,31.1,27.4,615344.3,80730.4,513.3,99.3,2.1,43.1,32.1,25.6,485829.7,74133.0,552.5,100.8,1.7,0
50.7,34.1,36.1,662436.4,114022.8,640.7,100.9,2.6,51.2,33.6,36.4,620427.8,97611.6,544.7,109.3,2.9,1
29.0,28.05,18.95,424454.7,60601.9,469.55,82.05,1.4,36.2666666667,28.6,24.3333333333,476674.066667,75051.2,458.266666667,89.2,2.16666666667,0
38.9,26.7,32.5,577779.6,96635.5,653.6,104.6,2.9,34.0,26.5,27.0,488718.6,74170.3,592.3,92.9,2.2,0
40.8,29.0,40.3,694428.8,103943.9,633.5,121.7,2.8,44.9,26.5,34.6,692509.2,97370.2,685.3,117.9,3.4,1
37.0,28.8,30.1,651526.4,92864.6,654.2,110.2,2.9,44.7,29.6,38.3,637597.2,118700.6,757.9,103.7,3.0,0
45.05,39.45,40.375,573693.975,115544.0,484.1,133.55,2.65,45.2,26.3,16.4,384002.1,54736.1,415.7,108.9,2.1,1
37.9,32.8,27.1,542118.7,81702.1,499.4,135.1,2.4,39.9,27.0,30.6,553695.1,80293.5,532.9,102.0,2.9,0
30.5,30.0,25.4,487328.9,75721.2,573.5,93.9,2.4,42.4,26.4,27.4,550982.7,81889.1,595.5,147.5,2.8,0
37.0,30.5,35.7,610349.4,92592.6,543.4,117.8,2.3,43.6,23.2,26.6,516389.2,83538.1,623.6,112.3,2.7,0
56.7,30.2,33.0,560845.2,96567.8,568.8,158.9,3.3,39.5,30.1,36.5,600359.7,102143.7,737.6,87.0,2.7,1
36.2,21.2,19.2,359333.2,59387.2,483.7,99.7,2.2,36.6,24.2,17.7,424014.0,57166.9,453.5,105.9,1.5,1
43.9,31.0,35.6,591975.2,94363.0,647.1,121.1,2.8,48.3,29.1,27.4,551773.4,94356.9,609.9,92.3,2.0,0
44.5,32.7,27.8,507704.1,88356.8,558.0,110.4,2.4,31.7,33.1,24.6,561977.7,73264.8,618.1,78.3,2.1,1
41.1857142857,29.6428571429,35.0857142857,548127.657143,86395.3,633.285714286,72.1428571429,2.34285714286,43.0,36.0,34.3,621814.4,94958.5,609.0,113.3,2.4,0
43.4,28.5,34.9,594234.3,106297.0,611.3,72.9,2.8,27.6,29.8,28.4,547121.4,89910.4,645.2,79.1,1.9,1
45.2,24.5,28.3,569758.7,80274.9,532.9,139.6,2.6,36.1,31.0,27.5,634471.3,83280.4,716.4,106.5,2.0,0
45.6,21.2,36.7,815711.8,113663.7,714.2,147.1,3.2,38.9,35.0,34.3,512944.4,89056.5,556.1,91.4,2.5,1
34.8,28.9,30.4,694336.4,86649.7,674.6,94.3,2.6,36.0,27.9,26.3,485463.0,77621.0,614.0,85.6,2.1,0
35.5,29.1,26.2,510777.2,77833.6,544.5,105.6,2.7,44.4,28.6,29.3,619925.6,95255.2,662.2,120.7,2.8,1
42.4,37.9,36.8,621313.0,98979.5,647.1,80.8,2.3,39.3,30.9,35.1,670090.8,103513.2,628.8,71.7,2.7,0
48.3,37.3,27.3,496743.2,89060.5,537.3,89.4,2.4,34.5,28.9,28.2,559408.9,78589.6,555.5,88.8,1.7,1
38.9,27.1,27.8,510305.3,77944.8,523.2,122.1,3.0,46.9,25.9,22.9,443206.3,70106.9,506.8,133.9,2.3,0
50.6,25.2,33.0,544372.0,86141.7,584.4,88.6,3.3,47.3,26.8,20.8,502538.0,77774.2,550.1,127.2,2.2,0
37.4,26.9,33.3,508315.9,86274.2,654.1,97.2,3.3,47.4,34.9,29.7,542493.8,86481.0,551.9,161.6,2.5,1
35.2,29.2,21.4,474378.9,67764.4,609.3,86.6,2.5,36.1,30.8,28.5,528461.8,81857.5,544.6,76.7,2.2,0
42.85,36.1,34.225,571240.375,101469.125,565.675,82.925,2.325,34.5,30.1,21.9,461214.6,68326.3,457.7,72.2,1.8,0
37.2,28.9,35.8,538670.6,100033.2,533.5,80.6,2.4,35.3,32.3,30.5,544977.7,85766.4,503.2,76.9,2.1,0
45.2,30.8,37.8,572167.2,105348.4,552.6,122.6,2.9,41.8,28.4,27.9,508437.6,78041.2,432.0,101.8,3.0,1
40.8,36.1,30.4,594668.8,91902.0,556.3,105.4,2.9,45.0,36.3,24.6,612057.7,85752.2,502.3,93.0,2.5,1
34.5,30.5,28.7,517324.0,81304.8,496.9,70.6,2.6,42.9,35.0,27.7,528057.3,84215.3,468.0,136.7,2.4,0
45.9,31.6,33.2,560798.1,96641.5,594.6,109.8,2.5,45.2,31.2,23.1,545636.1,90511.3,628.7,144.8,2.1,0
37.0,27.1,27.9,605469.9,84917.3,552.0,105.6,2.2,44.5,29.7,27.5,541028.7,84195.6,568.6,120.4,2.9,1
31.5333333333,24.0,36.9333333333,590268.666667,100724.833333,621.366666667,109.266666667,2.76666666667,50.6,28.7,28.3,430709.5,79157.0,566.3,101.7,2.5,0
38.0,29.4,32.5,581410.1,88327.0,642.7,82.4,2.3,32.2,32.8,30.1,625699.4,91695.8,654.3,59.0,2.3,0
42.7,30.7,26.1,496989.3,76234.8,513.2,111.1,2.2,52.8,34.4,27.7,445493.4,78527.9,463.7,132.5,2.3,0
44.3,39.9,40.0,623884.9,104404.4,560.8,89.5,2.1,49.6,33.8,41.8,529230.1,118638.1,574.1,82.6,3.1,0
49.5,33.0,36.2,636742.0,100991.2,498.1,127.4,2.5,35.6,26.2,32.8,602489.0,90816.5,573.1,102.9,3.0,1
45.25,25.95,24.7,401526.8,62844.8,386.25,91.475,2.15,38.0,31.6,30.8,666184.3,100141.4,729.6,102.8,2.3,1
44.2,33.1,27.9,497887.8,82809.4,489.3,145.4,2.3,44.8,25.8,28.3,644213.6,83710.5,680.2,101.5,3.1,1
33.7,34.1,30.7,659731.1,87856.0,536.6,92.3,1.4,30.1,28.1,29.6,550708.3,82908.6,553.1,88.4,2.5,1
41.8,33.0,21.0,495899.3,72176.5,548.3,130.5,2.5,43.2,29.8,29.1,580977.5,94133.4,674.1,142.7,2.2,0
37.3,29.8,26.3,414262.2,66292.8,458.1,107.4,2.3,47.4,36.2,34.6,671497.7,99854.7,615.4,110.2,2.6,0
36.0,30.1,26.7,597541.6,93004.4,592.8,102.5,2.2,40.3,31.4,34.8,599070.4,86841.8,524.3,141.7,2.7,0
33.6,36.9,25.0,549563.3,81866.0,568.4,70.2,1.6,50.8,28.1,26.7,497916.1,86896.7,430.2,105.2,3.2,0
40.9,30.95,36.4,682040.1,105442.1,704.55,79.0,3.05,38.1,29.7,25.6,526879.8,88286.4,673.6,146.2,1.4,1
39.6,26.2,32.7,575374.6,88185.1,670.7,93.8,2.3,41.7,31.2,36.0,681035.3,95292.4,585.0,113.1,3.2,1
44.8,32.2,29.0,543562.0,84951.9,609.1,140.4,2.6,59.2,26.9,18.4,336398.2,63629.1,358.8,153.1,2.2,0
36.0,29.9,36.6,723816.2,101068.0,864.6,107.9,2.9,39.2,31.0,37.5,691185.6,107218.1,816.7,110.3,3.0,1
31.4,28.1,29.1,563131.1,81509.0,649.3,99.7,1.8,44.1,27.4,20.0,554709.1,69124.5,632.6,144.7,1.9,0
40.0,27.3,26.0,634007.1,77338.6,571.7,99.8,2.5,41.9,29.6,23.6,493333.5,76999.4,627.4,132.9,1.8,1
44.2,27.0,25.3,402911.1,72165.2,487.3,119.6,2.7,49.2,24.4,28.1,533826.8,85358.2,561.1,109.0,3.3,0
33.2,29.2,31.1,668632.9,82697.8,609.0,134.1,2.3,38.1,34.4,32.7,566998.2,96692.8,579.2,86.6,2.0,0
41.4,30.2,22.4,387012.1,58836.6,385.2,98.5,2.5,51.5,24.4,33.0,504267.4,78811.2,500.2,160.9,3.9,0
45.4,28.7,29.5,538957.9,88868.1,453.4,121.9,3.1,34.2,31.7,31.8,581284.6,85707.8,559.6,83.7,2.4,0
44.0,32.6,35.9,770318.8,121594.1,820.1,108.6,2.7,35.5,25.7,25.3,595194.5,79581.5,592.8,88.7,2.6,1
34.6,20.6,25.2,461240.3,69098.9,608.6,95.9,2.2,45.1,19.7,28.8,520589.5,83162.8,546.5,87.8,2.7,0
35.7555555556,34.1666666667,23.0666666667,429764.333333,76624.6555556,524.777777778,92.2888888889,1.73333333333,41.7,24.8,31.1,475673.3,81375.7,509.3,92.8,2.4,0
