0.19934640522875813,0.015552899119315677,0.08773997480614004,-0.039460020768432025,-0.007843137254901933,-0.040000000000000036,1.936297184917093,0.06329113924050622,-0.0,1
-0.1713483146067416,0.06863885422013039,-0.12212631934278873,0.18977168949771683,-0.13538461538461533,-0.2500000000000001,-0.554889389358925,0.07631578947368411,-0.02941176470588247,0
-0.096551724137931,0.10814773620475937,-0.07473745957862243,0.12540540540540546,0.27427961579509064,-0.17647058823529416,-0.6133767423435914,0.08658008658008653,-0.09541984732824438,1
-0.26488095238095244,-0.020000046205108424,-0.17343865506624745,-0.028083028083028205,-0.04307432432432434,-0.19354838709677424,3.3746633430748956,-0.20704845814977968,0.0032679738562092497,1
0.21035598705501624,0.2083283971996026,0.27076222439840647,-0.290258449304175,0.11270638908829844,-0.12903225806451613,-0.5769416818614183,-0.08352668213457082,-0.32900432900432897,0
-0.012779552715655007,-0.05512689696749484,-0.12410250784877142,-0.03928888888888893,0.4861924686192469,0.04166666666666674,0.933395224978165,-0.13636363636363624,0.20895522388059706,0
-0.15353061822393987,0.10125537366152715,-0.011217177915965548,0.0622215986808381,0.3320683111960405,-0.15624999999868172,4.570449260352139,0.02050981541225938,-0.06949806949806958,1
-0.03746397694524506,0.08263131958343961,-0.09288249247611047,-0.0741094147582696,0.160180995475113,-0.18518518518518512,-0.4713106704510881,-0.24236252545824843,0.08561643835616439,1
0.25185185185185177,0.08746493175469516,0.15198162920601987,0.5002231146809459,-0.30517354289456444,-0.2692307692307693,0.3754151398695147,-0.2973977695167287,0.10858585858585867,1
0.29554655870445345,0.10187660122850528,0.17271999062206955,-0.012421331566743965,-0.14325068870523427,0.4545454545454546,-0.17029534510433386,-0.03646408839779003,-0.006191950464396356,1
0.1845238095238093,-0.0004510900480219071,-0.020680346107194603,0.1340045377197958,-0.1766586730615507,0.0,0.9786012830887567,-0.2643478260869566,0.02941176470588247,1
-0.31695331695331697,-0.14938969743404973,-0.12753344214597462,-0.09950000000000003,-0.1446327683615819,0.21739130434782616,-0.83799347037205,0.096551724137931,0.0681198910081744,0
-0.1970802919708029,-0.14621469762556882,-0.11460265661925617,0.14668145097418028,-0.1607431340872374,0.26315789473684204,2.619099391868481,0.04600484261501214,0.11870503597122306,1
-0.11176470588235299,-0.08218460134826899,-0.07094515652567246,-0.10968475788105303,0.3055286129970902,0.2857142857142858,-0.740961628664039,-0.012048192771084376,-0.020477815699658564,0
-0.1602373887240357,-0.23102844659752853,-0.15310548324222362,-0.3067385444743935,-0.07754279959718025,0.08333333333333348,1.5247452784078805,0.2735294117647058,-0.05090909090909079,1
0.15476190476190488,-0.04140310554867699,0.18773721695436318,0.0781097441905878,0.6564277588168372,0.18181818181818166,-0.7183265836708165,0.3359375,-0.1098039215686275,1
-0.01075268817204289,-0.2573763218606011,-0.19552585096981812,-0.2552135054617676,0.11630036630036633,0.6190476190476188,0.7762857884029872,0.22959183673469385,0.0074906367041198685,0
0.026058631921824116,0.10321152483786489,0.049204922184233446,0.3059725848563968,-0.24084177708495713,-0.13636363636363646,1.707672398495557,-0.24943310657596374,-0.1064516129032258,0
0.025559105431310014,0.12843479973136285,0.2575021222668974,0.03401574803149621,-0.23031727379553457,0.25,-0.892344093056264,-0.05210918114143903,-0.3558052434456931,1
-0.03401360544217691,-0.08505787227014883,-0.010362805765410044,-0.139724537876042,0.657210401891253,-0.08333333333333326,-0.646404921511778,0.34984520123839036,-0.1586206896551725,0
-0.12177777777866672,-0.15081851067012197,-0.20027440822081566,-0.19665852841160414,-0.26377085300566583,-0.13043478260869557,1.7243519991071676,0.030008110299269974,0.10597302504913297,1
0.240506329113924,0.193997787092123,0.5552092528275736,0.28128365281068257,-0.10846153846153839,-0.09999999999999998,1.3219080643727215,0.20621468926553677,-0.09716599190283404,1
-0.037190082644628086,0.24932340794521557,0.0222158840459461,0.07924461701376617,-0.09146757679180895,0.18181818181818166,1.4206084118224696,-0.08783783783783783,0.050473186119873725,1
0.3130841121495329,0.04108203061197169,0.10247524194094182,0.12041781631848636,0.0985099337748343,0.09090909090909083,-0.2310622223186498,0.06783369803063444,0.1282894736842105,1
-0.12891986062717764,-0.07303772947584009,-0.04604278770643411,0.09705200397482616,-0.19282868525896413,0.04545454545454519,-0.42998485079797544,-0.15217391304347816,0.09580838323353291,1
-0.08015267175572516,-0.09892481295928346,-0.13926162137244225,-0.07057823129251706,-0.057839721254355436,0.10344827586206895,-0.6717221059161045,0.006651884700665134,0.09385113268608414,0
-0.16562500000000002,-0.10641582928198445,-0.05612400524465977,0.04490535642368099,-0.2541254125412541,-0.15384615384615385,0.7628715102767192,-0.14252873563218393,-0.20512820512820507,0
0.06811145510835925,0.03897508812649142,0.15125899032922852,0.12229952398388866,-0.10334029227557406,0.19999999999999996,-0.5176099353894275,0.01302083333333326,-0.04477611940298498,0
-0.013793103448275779,-0.16485003808146192,0.09902339340947153,-0.16755236011253505,0.1314229249011858,-0.03846153846153855,-0.4528997004297247,0.056847545219638196,0.01388888888888884,0
0.03040540540540526,-0.026152751961844967,0.07251111470040694,0.1201653380572778,-0.2056277056277056,-0.13793103448275856,-0.1075900359879981,-0.1810865191146881,-0.23921568627450984,0
0.5303703703688889,0.14048657651051366,0.10007764499358585,-0.1152977139812601,0.3016924208940397,0.5789473684210527,0.14410853226744402,0.09477124183088259,0.052631578947368474,0
-0.09313725490196079,-0.05060047326594541,0.08455087040074671,-0.21448124828907755,0.0038593481989708245,-0.040000000000000036,-0.38241603172607874,0.07092198581560294,-0.05504587155963292,0
-0.3141025641025641,-0.1364178722743804,-0.22081065405550115,-0.3604314654038412,0.28555798687089706,0.19999999999999996,-0.8022242288468608,0.12698412698412698,0.24786324786324798,0
-0.30891719745222934,-0.18771815288541638,-0.3455393739733159,-0.3709110094970103,-0.24034672970843185,-0.12903225806451613,-0.13990953510374948,0.00943396226415083,-0.31707317073170715,0
0.33440514469453375,0.5740032579587215,0.0739863486497514,0.715941343424787,-0.404517453798768,-0.2142857142857142,-0.2691115166735446,-0.3027295285359801,-0.14982578397212554,0
-0.07821229050279321,0.02724376806396056,-0.17330419921642548,-0.33938416027968266,0.4258373205741628,-0.33333333333333337,1.559067596285503,-0.06162464985994409,-0.12403100775193798,1
0.12015503875968991,-0.12037996521680916,0.038954476829549556,-0.04767959313413861,0.1338709677419354,0.8,-0.5031602965277984,0.3297297297297299,0.002949852507374673,0
0.26086956521739135,0.20696249670076194,0.1605934775469937,0.1471674876847291,0.25679172056921096,0.11999999999999988,-0.663062798660496,-0.05947136563876643,0.07284768211920523,0
-0.1371237458193979,-0.012911840573856415,-0.015919037199124686,-0.037921604375569684,-0.038971807628523925,-0.07692307692307698,-0.014398829777085287,-0.04377880184331795,-0.22519083969465647,0
-0.35243553008595985,-0.41142014751215916,-0.26592173229273985,-0.5093975903614458,0.45610278372590995,-0.1724137931034483,1.0721899066301126,0.32707774798927614,0.13390313390313402,0
0.06818181818181812,0.032476602511177566,-0.026013128721343204,-0.1435586366262276,0.1283783783783785,-0.11999999999999988,3.8398200787155616,-0.021428571428571352,-0.17218543046357615,0
0.32224645583587774,0.11439195625254328,0.05012739015322998,0.20567671919101538,-0.45900132747891353,0.2857142857149999,-0.671689467366783,-0.14663310257929507,-0.2788844621513944,0
-0.24041811846689887,-0.36081798481890925,-0.2136815968986726,-0.4938036224976168,-0.02637362637362639,-0.2592592592592593,0.6281381552015934,0.25531914893617014,-0.12589928057553967,0
-0.14941494149338386,-0.1847173762195864,-0.17185699181331093,-0.09148315203019808,0.5478231059312815,-0.12359550561896226,0.06809136192187704,-0.06396255850161003,-0.20987654320987637,1
-0.0027472527472527375,0.07459439086419595,0.007793672876208246,-0.01783549783549776,0.32096069868995647,0.31999999999999984,5.843557232410414,-0.05623471882640585,0.17337461300309598,1
0.09963099630996308,0.0968238671905286,-0.03010427742213906,-0.21403894472361806,-0.09440769693325324,-0.16666666666666663,-0.48570106035539473,-0.1484962406015039,-0.08783783783783794,1
-0.03322259136212624,-0.018587937500402107,-0.10448706206055458,-0.10037961746167334,-0.09081081081081088,0.026666666667999994,0.37956778408078096,-0.00879120879120876,-0.33333333333196724,0
0.01090909090909098,-0.14907196121459332,-0.09895766963664465,0.06585446163977604,0.5793327908868997,-0.15384615384615385,3.715220895061047,0.21153846153846168,0.047457627118643986,0
-0.23306233062330617,-0.324587531359943,-0.3556876183216262,-0.367012987012987,0.6639676113360324,-0.09999999999999998,1.66436335113734,-0.03355704697986572,0.10247349823321561,1
-0.20132013201320131,-0.18515581289441152,-0.20487256235415052,-0.38987237546315356,0.01918265221017501,0.2727272727272725,6.467623267346855,-0.027363184079602032,0.08902077151335319,1
-0.030814142070670236,-0.13440253906058264,-0.011623221858886756,0.07293989170447612,0.21723602484396443,-0.019801980196078706,2.869319534070896,0.07838745800641678,0.12450368689783087,1
0.08713692946058083,0.009231914735110092,-0.14583568804747105,-0.09236947791164651,-0.27338129496402874,0.04761904761904767,-0.6172741792369121,-0.17194570135746612,0.13538461538461533,1
0.08637873754152836,0.12981057090866255,0.04167213078316534,-0.14764834292518358,0.3146214099216711,0.25,0.8597343860031936,0.12850467289719636,-0.2450980392156863,0
0.1307420494699647,0.29574618488711546,0.05421850988945631,0.28875427151289235,-0.30921895006402045,0.31999999999999984,-0.8243217516186087,-0.3190578158458245,0.14527027027027029,1
0.48235294117647043,0.09782539031455895,0.12571256375256978,0.11497282161093714,0.10281385281385291,0.0869565217391306,-0.7868565256673091,-0.10734463276836148,0.017241379310344862,1
0.34951456310679596,-0.005888056511143769,0.078151763052275,0.2064264849074975,-0.31932773109243684,-0.05882352941176461,5.226863902820985,-0.24038461538461542,0.005420054200541924,0
-0.29368029739776946,-0.18058826085067559,-0.28601452175404496,-0.059676402605589374,0.2374645222327343,-0.3076923076923077,-0.6600686135895244,-0.18083182640144668,0.07396449704142005,0
0.17869415807560118,0.24638492163986148,0.3657899521241137,-0.009405339805825363,0.24862313139260417,-0.033333333333333326,1.8296632899873075,0.5028248587570623,-0.12267657992565062,1
-0.002734107995215118,-0.09393042951672503,0.2215919014892096,-0.03937060821134386,0.03282563024816176,-0.20833333333333337,-0.11995968332659435,-0.013445378150588216,0.07445887445757571,1
0.3916263172869363,0.44735926429577955,0.16015317304749854,0.143188145823677,0.4087046632118514,0.7786885245872481,-0.10444700066080914,-0.0409306333464553,0.09296264118158115,0
-0.2808022922636102,-0.2477417287549185,-0.30622451066605216,-0.09694189602446479,-0.0535714285714286,-0.3666666666666667,-0.12503661773785757,0.21479713603818618,0.23262032085561501,0
0.38576779026217234,0.2910571749096569,0.2661089678740325,0.21625793174412622,0.3092105263157894,0.04166666666666674,-0.15390227176561566,0.0292553191489362,0.17563739376770526,0
-0.261904761904762,-0.000808030385102354,-0.2219029916820472,-0.18880718954248366,-0.2140013271400132,-0.2666666666666666,-0.6610648340538495,-0.1317567567567568,-0.023622047244094446,1
-0.12062256809338512,-0.05476910744906427,0.028885185237496724,0.15414037100784084,-0.17318794098781265,-0.15384615384615385,6.33877625191454,0.18362282878411929,0.011152416356877248,1
-0.059288537549407105,-0.39120740966460543,-0.17231295913272948,-0.21625570776255698,0.050214329454990825,-0.07692307692307698,-0.3881045365051329,0.19047619047619047,0.10476190476190483,0
0.47540983606557385,0.06971592211644895,0.1349869773664012,0.23381077264474492,-0.23915343915343912,0.034482758620689724,-0.6657041734292501,-0.08244680851063835,-0.19850187265917607,0
0.12323943661971826,0.21335522870107804,0.22382892877741156,0.17143765903307906,0.5048543689320388,0.3214285714285716,2.695833182656493,0.5597667638483965,-0.04597701149425282,1
0.04126984126984112,0.2056741074865751,-0.10679869788388496,0.16563063966312397,-0.17554076539101504,-0.15384615384615385,0.7016524657887941,-0.22394678492239473,0.04225352112676051,1
-0.21958456973293772,-0.11111332072488711,0.07489105059639756,0.1849062650216311,0.1158645276292336,-0.20833333333333337,0.961258831962317,0.02784810126582271,-0.12944983818770228,0
0.027159152634981032,-0.08484589188127722,0.010117080375444454,-0.056003796868333566,0.09203296702884622,0.5034013605428571,-0.6640337683761098,0.0758697261295338,0.06995073891724135,0
-0.09375,-0.11034370480701783,-0.20142402739579723,0.3916504854368934,0.06394884092725817,0.26315789473684204,10.385443126308443,-0.2137404580152671,0.28640776699029136,1
0.09615384615384626,0.16504621145747778,-0.07311238640675677,0.07169321971100406,-0.15102639296187692,-0.08695652173913038,0.6966306627634398,-0.3482905982905983,-0.17449664429530198,0
0.3282828282828283,0.3524128615877622,0.5263075504252155,0.5930626057529609,0.06052076002814921,-0.32000000000000006,1.4654454390746712,0.14249363867684472,-0.6408163265306124,0
-0.23875432525951557,-0.07491085485236104,-0.05837984875730373,-0.13308728960409333,0.3071244001439646,0.0,4.467148825476904,-0.10915197313098246,0.12855517633788394,0
0.7368421052631577,0.047631368889471615,0.6130808434612134,-0.011554230339172689,-0.04238143289606444,0.3999999999999999,0.018247108273813373,0.404833836858006,0.18125000000000002,1
-0.03951367781155002,0.07972197653802993,-0.05371182921788942,0.12344541685859056,0.02533172496984304,-0.206896551724138,1.2239216480164186,-0.2871900826446281,0.06984126984126982,0
-0.014245014245014231,-0.0465850203014444,0.07010475964402318,0.4732083792723265,-0.17410228509249182,0.15384615384615374,1.8408471123671797,-0.2635294117647059,0.2717391304347825,0
0.285211267605634,0.04285993655928588,0.028597869288801592,-0.002393617021276495,0.03109815354713308,-0.1923076923076923,-0.6323511223795684,-0.2348993288590604,-0.17266187050359716,1
-0.032432432432432545,-0.13755302314811702,0.019389870109066232,0.017829754601226933,0.10169491525423724,-0.206896551724138,3.0530974067090186,0.12705882352941167,0.10830324909747291,0
0.7452830188679247,0.44781771020125616,0.5635312832672021,0.5456122954883491,-0.23082706766917294,0.21739130434782616,-0.10064974596814358,-0.1515151515151515,0.07246376811594202,1
-0.5185185185185185,-0.3935577692749348,-0.43996218028505585,-0.4548822047710772,0.4553039332538735,-0.18518518518518512,0.348404181184669,0.20052083333333348,0.17152103559870546,1
0.2904564315352698,0.15493677130919759,0.0801419933603762,0.04703177257525093,-0.2787539936102237,0.0,4.070639228396267,0.09846827133479219,-0.05166051660516602,0
-0.07073954983922837,-0.11241407217130239,0.05587734967913316,-0.10648944487881162,-0.23620689655172422,0.33333333333333326,0.5324877435478739,0.16976127320954904,0.05722891566265065,1
0.3595890410958906,0.032523563245830056,0.347745668908078,-0.0671153146598763,-0.07526881720430112,0.19999999999999996,1.5365340997966528,0.15201900237529697,0.005934718100890302,1
-0.33611111111111114,-0.20708189120350085,-0.13535104685965327,-0.32182240278583873,0.1522556390977443,0.1071428571428572,-0.07894795122448162,0.7836065573770492,-0.3284313725490198,0
0.4274809160305344,-0.021656894676100324,0.17193479360565278,0.007221401608403344,0.4143337066069428,-0.21739130434782605,12.075755471614265,0.15363128491620115,-0.09677419354838701,0
-0.010752688172043112,0.15432990568274785,0.006542335452714543,0.12702702702702684,-0.009460737937559083,-0.16129032258064513,0.3523855458250238,0.015625,-0.10646387832699622,0
0.3155893536121672,-0.11405472836311425,-0.09265244813118068,-0.1121557454890788,-0.04510184287099894,0.30434782608695654,-0.8138299439909293,-0.08484162895927605,0.10271903323262843,0
0.014285714285714235,0.16093836362167413,-0.0354994439953733,-0.27655382410890206,0.03667664670658688,-0.375,0.18794194641979511,0.22305764411027562,-0.44973544973544977,0
-0.1543026706231455,-0.14241510036585747,0.08345479376948273,0.027834008097165963,0.22978723404255308,-0.2857142857142857,2.035811378923767,0.06434316353887426,-0.2326530612244897,0
-0.21568627450980393,-0.17771997085029168,-0.175861133500544,-0.1139966273187184,-0.009345794392523255,-0.23076923076923084,-0.8700253939315015,-0.15296803652968027,0.08823529411764708,0
-0.2692307692307693,-0.022058595342717813,-0.18257189617565395,-0.03363461253519029,-0.17748478701825554,-0.25,2.4625199362041466,-0.079155672823219,0.08125000000000004,0
-0.1732851985559567,-0.25213068367466973,-0.17352568433823412,-0.21630837657524093,0.23502722323048997,-0.1333333333333333,0.8827324225996334,-0.040723981900452566,0.11397058823529405,0
-0.038461538461538436,-0.11466373870591828,0.11938068272671631,0.36737957225664597,-0.28383128295254834,0.04545454545454519,0.23372611656922437,0.09499999999999997,0.01591511936339529,1
-0.36790123456790125,-0.19222593765160656,-0.29130994163533563,-0.0358687815428983,0.416058394160584,0.034482758620689724,-0.35929856743535993,0.03696098562628336,0.3183023872679046,0
-0.12729234088349506,-0.28999079365589453,-0.09149086232252868,-0.19481654047757713,0.4207547169811321,0.015151515149999906,-0.423475105463591,0.2962962962972222,0.01744186046511631,0
-0.04810996563573888,0.01037445531865755,-0.13589972302668485,-0.11072984030618993,0.3143176733780759,-0.23076923076923084,-0.49776110076418245,-0.027918781725888353,-0.12627986348122855,1
-0.20552147239263807,0.05429780393273953,-0.13411463972162296,0.07041795413888452,-0.10423671822461333,-0.31034482758620685,1.1915993644909308,-0.22535211267605637,0.053846153846153766,1
-0.030927835051546504,0.09652157788492421,-0.11303181378778493,-0.07510578279266578,0.3560209424083769,0.03333333333333344,0.29831672673309306,0.0719602977667495,-0.03716216216216206,1
0.21145374449339216,0.2703819925824995,0.08261013698305764,0.2642140468227425,-0.24372230428360409,0.5999999999999999,0.4967418304926132,-0.16187989556135762,0.09818181818181815,1
-0.006993006993007089,0.03607883165829162,0.05009962850814831,0.15490420828557383,-0.16666666666666663,0.07407407407407396,-0.3183227917653667,-0.09113924050632916,0.07885304659498205,1
0.36042402826855113,0.2571387935169136,0.06856581512682713,0.30440034512510783,-0.2699588477366255,-0.03571428571428559,0.3613529333115446,-0.06561085972850689,-0.22857142857142843,0
-0.15948670944010956,-0.19196832542588804,-0.10067076424784205,0.09393233882388796,0.17062530295667,-0.11167512690490611,-0.39438464105711524,0.0946502057624432,-0.07294832826747721,0
0.1503067484662577,0.0025697238310158355,0.19184416334507515,-0.13342399516470227,-0.024301336573511523,0.1499999999999999,-0.6101143153631144,0.2128279883381925,-0.12131147540983611,0
-0.19662162162162156,-0.057711324942605446,-0.18115571892070292,0.06404360415602106,-0.19762461059190028,0.024193548387096753,0.7506078840722092,-0.25636007827788654,0.10839160839160844,0
-0.07387862796833766,-0.07889577412974969,-0.004112395753322007,-0.13151658767772523,-0.3316359007001909,-0.3448275862068966,0.03201302502654846,-0.0444444444444444,-0.42087542087542107,0
-0.16083916083916083,-0.1298913180369673,-0.034592883020081455,-0.1823082239115411,0.48003259983700075,0.14285714285714302,-0.052260460963478916,0.360655737704918,0.13475177304964547,1
-0.19363395225464197,0.1030387740261487,-0.03672689831715259,0.053841590032631226,-0.35544340302811817,-0.5151515151515151,0.46591598543875334,-0.0748299319727892,-0.050000000000000044,1
0.6446043165443964,0.24720532017822028,0.4203164494514986,0.3586903602734657,-0.3152709359605911,0.07142857143010195,-0.6504977717290832,-0.2366071428571428,-0.2290184921781353,1
0.023728813559322104,-0.07616475261002331,0.0897384630669118,-0.07322617308004553,0.06235011990407657,0.11999999999999988,1.8642039275109066,0.3035714285714284,0.003597122302158362,0
-0.10818713450292405,-0.23458715835394672,-0.10650253686322542,-0.08713241014470208,0.055708390646492356,-0.11428571428571421,-0.7603659071227213,0.0022123893805308104,-0.1174089068825912,0
-0.19633507853403154,-0.1502850506907596,-0.23911498160425204,-0.12259297368807875,0.15999999999999992,-0.11111111111111116,-0.5437632359761515,-0.020408163265306034,-0.12867647058823528,0
-0.11354166666562504,-0.012626008658052634,-0.1346145958333378,-0.061824953444533204,0.2230392156862746,-0.17283950617407406,-0.24615729120363095,0.33425925925833333,-0.06547619047619024,0
0.037174721189590976,0.16326720256677874,0.09258822674739142,-0.12976952624895655,0.23816985270686852,-0.05479452054665035,-0.5764001442618962,0.02086677367658174,-0.012373453319473926,1
0.41062801932367154,0.29670186686661393,0.22731036566507945,0.3953290870488324,-0.32600732600732596,-0.1785714285714286,1.0916829852045256,-0.2640776699029127,-0.3432203389830508,0
-0.1908713692946059,-0.1184008395519931,0.04181334676639947,-0.1671680275032229,-0.057825751734772446,0.1304347826086958,0.1460849007197258,0.2388392857142858,-0.14448669201520925,0
0.05179282868525892,0.3266776917136103,0.15570777813795567,0.37511649580615103,0.029565217391304355,-0.14814814814814825,-0.33965489131863913,-0.19999999999999996,-0.10479041916167664,0
0.0,0.024235543580410024,-0.07011624622194468,0.0965466023022652,0.20619469026548676,0.1923076923076923,-0.27885826259013435,0.2691292875989446,0.15633423180592998,0
-0.04871060171919761,-0.1674071170941812,-0.0013396094106475909,-0.33317800559179866,0.32000000000000006,0.3999999999999999,0.9383582754015274,0.2136986301369863,0.18181818181818177,1
-0.28458498023715406,-0.18860845300502538,-0.15337468656585673,0.2763539651837523,-0.04354838709677422,-0.04347826086956508,-0.7301515592219672,-0.22832980972515848,0.09477124183006547,0
-0.0033222591362126463,0.03562909885059384,-0.1314480536413144,-0.09401278170198446,-0.2079281974569932,-0.13793103448275856,-0.7552076660640483,-0.2581967213114753,0.17391304347826086,1
0.15686274509803932,0.03150916653111069,-0.05400298952155813,-0.10912397696271603,0.11963793781936238,-0.20987654321111116,-0.36725962963244396,-0.2031249999999999,0.2577030812324931,1
0.050000000000000044,-0.007671029190693512,-0.06799087601972675,-0.08525345622119818,-0.009424083769633551,0.10526315789473695,1.4911095824734746,-0.01869158878504662,0.0586419753086419,1
0.37686567164179086,0.5528660807169878,0.6126231238365867,0.45743504698728565,0.8407079646017699,0.2272727272727273,4.728784458363804,0.3878627968337731,-0.16293929712460065,1
0.5256410256410258,0.3348906166671799,0.35964482256942243,0.39309476712821434,-0.09367493995196163,0.03703703703703698,-0.6241476729613187,-0.09544468546637741,-0.10402684563758391,0
-0.07878787878787885,-0.05060187784494541,-0.09518200801585985,-0.3135083834229675,-0.013076923076922986,-0.11999999999999988,1.5459949723479136,0.007334963325183574,0.17052023121387294,1
-0.15916955017301027,-0.2786387834580639,-0.2522144941839658,-0.27725118483412325,0.10344827586206895,-0.40740740740740744,-0.5564415596869119,0.24661246612466137,-0.08041958041958042,1
0.27272727272727293,0.21839387987139114,0.24934901072996474,0.30997835071836244,0.015676567656765616,-0.13043478260869557,-0.8060446454576564,0.013404825737265424,-0.24573378839590432,0
-0.008902077151335397,0.27389078181873905,0.11211655220865713,0.6595744680851066,0.050579557428872546,-0.21212121212121204,-0.1740313568267433,-0.03597122302158273,0.1577287066246057,1
-0.3957055214723927,-0.30355678704402456,-0.33493417916748014,-0.3940263466805791,-0.009398496240601517,-0.3125,-0.8894393807596788,0.058047493403694084,0.13186813186813195,1
-0.02580645161290329,0.21729770939880555,-0.16123834448638374,0.01208627742655266,-0.28281938325991185,-0.206896551724138,-0.6513351038642867,-0.2226980728051393,-0.045454545454545414,1
-0.10555555555555551,-0.08175683973198533,-0.2301717881925356,-0.2964258555133079,-0.29703832752613235,-0.03571428571428559,-0.14293543222822025,-0.025125628140703515,-0.01845018450184499,0
-0.10942249240121571,-0.0791145640432489,-0.08763017057001854,-0.035650623885918,-0.02533172496984326,0.03703703703703698,-0.6186706450853606,0.1788413098236774,0.07142857142857151,0
-0.0899182561307903,-0.08052286374461026,0.006129685621794501,0.21977082264409087,0.07262569832402233,-0.13043478260869557,-0.09236833927967936,-0.05248618784530401,-0.0906344410876132,1
-0.19710144927536233,-0.1966211830927792,-0.19806791591957584,-0.18352941176470583,0.4618369987063391,-0.11111111111111116,-0.7613462059408023,0.31976744186046524,-0.1655844155844155,1
-0.39550561797752815,-0.26580745105289594,-0.3470567948335338,-0.2537479178234314,0.40423031727379555,0.0,2.9299752547917626,0.0027247956403269047,0.19883040935672525,1
0.07798165137614665,0.11472892177439564,0.1274748287425045,0.5076252723311545,-0.06366630076838631,-0.2592592592592593,-0.7560903141113773,-0.05693069306930687,-0.10491803278688527,0
-0.43644067796610175,-0.3631656014711304,-0.3254695307820895,-0.022088006902502122,-0.08687615526802228,-0.1333333333333333,10.011081879012952,0.17557251908396965,0.21391752577319578,1
-0.3668639053254438,-0.1772498388017516,-0.16277583671496065,-0.06020426446873328,0.4857792946530146,-0.24,-0.909700367598445,0.040506329113924044,0.07428571428571429,1
-0.13051750380479454,0.005524445311984261,-0.09244887176513328,-0.3438795906805048,0.2781423523479445,-0.18987341772175936,-0.3434657474373459,0.3577142857127342,-0.0696359137508693,0
0.2222222222222221,0.04299894134753868,0.14299722130512227,0.0104484109708316,-0.16040100250626566,0.41176470588235303,-0.9602053361920969,0.3846153846153848,0.0807799442896936,1
-0.28348909657320875,-0.30631241517232044,-0.38866130856749403,-0.3753449862005519,-0.009009009009009028,0.0,-0.3188031472517614,-0.06596306068601587,0.2086330935251799,0
-0.14144736842105254,-0.07719402005262865,0.01283764308152291,-0.024164999230414153,-0.3432480666270077,0.03571428571428581,-0.5205476415651968,0.00952380952380949,-0.0,1
-0.35074626865671643,-0.3281042488271818,-0.29761395230888044,-0.4008385335413416,-0.5511838440111421,-0.0625,-0.8434164497385674,-0.24228028503562948,0.21480144404332124,1
0.16610169491525428,0.001690921941281287,0.1468025787485856,0.237702098383213,-0.28314606741573034,0.125,-0.7758944659206097,-0.22113502935420748,0.10104529616724733,0
-0.06428571428571428,-0.02182142718170932,-0.11236929538834783,-0.10869945737790998,-0.4336842105263158,0.09523809523809512,3.3851032390516913,-0.12040816326530612,0.1202749140893471,1
-0.08552631578947367,0.004023826609726333,0.06676951234009865,0.6263646288209608,-0.1147058823529411,-0.08333333333333326,-0.405247975920068,0.024570024570024662,0.047169811320754707,1
0.4480000000000002,0.413772366156101,0.1832770196202238,0.22049825174825166,0.0,0.4374999999999998,3.0226383131633323,-0.07766990291262144,0.12745098039215674,0
-0.009966777408637939,-0.13221929820933698,-0.15711719194717944,-0.02045192149101105,-0.06481481481481477,0.19047619047619047,3.0784951814994734,-0.05693069306930687,0.1428571428571428,1
-0.1583011583011582,-0.20822416663714627,0.04129375214772124,0.19721818559269266,-0.009090909090909038,-0.07692307692307698,2.650059073427013,-0.07090464547677255,0.1515151515151515,0
0.0031948881789136685,0.21553110432806188,0.04774635392131299,0.46475017111567407,0.11664899257688233,-0.14814814814814825,-0.6042210957551069,-0.09512761020881677,0.04421768707482987,1
-0.10033444816053516,-0.11841468368216901,0.017989983240059404,0.44969378827646533,-0.1485535574667709,0.18518518518518512,4.163344081942337,0.040712468193384366,0.03137254901960784,1
0.2401433691756274,0.1072036427042562,0.1340831573007335,0.05990783410138256,-0.5195344970906068,-0.32000000000000006,-0.6251826953851846,-0.09138381201044388,-0.2875816993464051,0
0.4849397590361444,-0.1236064553700349,0.05558243498288595,-0.3059985885673959,0.15898058252427183,-0.040000000000000036,-0.7318423366738935,-0.17102137767220904,0.13636363636363635,1
-0.015999999999999903,0.12300077543209342,0.2285505862180477,0.03963782696177076,0.2578796561604584,-0.14814814814814825,13.183299961532013,0.21316614420062718,-0.2604651162790699,1
-0.06325301204819278,0.0044768186649950525,0.045038132023730526,-0.06378817511659407,-0.005314437555358764,0.2272727272727273,-0.2099993841660288,0.10079575596816959,0.0893470790378007,0
0.03947368421052633,0.05489632163698066,-0.07552506093528144,0.03433392191485196,0.031825795644891075,0.0,0.29865220857243924,0.018867924528301883,0.028368794326241176,0
0.014705882352941346,0.008160787261622504,0.045746238719817534,0.01391878318266615,0.05736782902137216,0.09523809523809512,4.1161500340103006,0.22955974842767302,0.21828908554572268,1
-0.03559870550161803,0.03128034754990838,-0.014498372883179345,-0.12303266204095431,-0.03884892086330938,-0.1333333333333333,-0.6079000217519969,-0.09462365591397848,0.042763157894736725,0
-0.23417721518987344,-0.04187949390913093,-0.18984644546428076,-0.11817262306136211,-0.42705971277399857,-0.3793103448275862,0.11296013886305878,-0.34081632653061233,-0.042622950819672045,0
-0.13807531380753124,-0.028997407148443455,-0.11853084159650629,0.05142348754448389,0.09188361408882084,1.2500000000000004,4.723539186930015,0.23711340206185572,0.24778761061946897,1
-0.06686046511627897,-0.06569693666170862,-0.11351210141845214,-0.5041831792162043,0.3884816753926701,-0.18518518518518512,-0.766987371241286,0.24514563106796095,-0.16666666666666674,0
-0.16954022988505746,-0.044392432199828025,0.03882896913182732,-0.15676745860331176,0.13754646840148688,0.2777777777777777,-0.2892051082791076,0.10985915492957732,-0.008620689655172598,1
0.05292479108635084,-0.030885726095294164,0.12142163374110804,0.21227056424201218,-0.28081457663451237,-0.14814814814814825,0.14565593087195605,-0.15265486725663724,-0.07278481012658222,0
0.06596306068601576,0.10286751719463538,0.008914090382009299,0.11019371228961594,0.019354838709677358,-0.034482758620689724,0.26167046410903794,0.005555555555555536,-0.12676056338028174,1
-0.19881305637982205,-0.07013843034648581,-0.14029302686426381,-0.09040950186137209,-0.03374432186891618,-0.12499999999999989,-0.09455169030164079,0.1431980906921242,0.19875776397515532,1
-0.004819277108433773,0.1307485665193593,-0.04423885413583817,-0.04185825273505639,0.3515981735159819,0.17241379310344818,7.998392909321126,-0.0024390243902439046,0.32552083333333337,1
0.06425916091449824,0.13819137120188052,0.1715441631458392,0.13354292766145615,0.4126682071455756,-0.1587301587296297,0.08366535919395734,0.21613832853025938,-0.21128871129020976,0
0.12075471698113205,-0.13273914976345447,-0.07126603308583279,-0.27818329278183296,0.2768361581920906,0.4999999999999998,1.4955446825817424,0.03183023872679036,-0.3629893238434161,1
-0.07807807807807798,0.11783178715600906,0.20268761504340205,0.06977138018628293,-0.07879924953095674,-0.206896551724138,-0.16038598357658163,-0.006224066390041583,0.11077844311377238,0
-0.15014064697468366,-0.03370977499189853,-0.16226919446040822,-0.027506094516256963,-0.10469901426356587,0.2463768115956524,-0.41747165056698865,-0.02811244980000005,0.20304232804166666,1
0.16423357664233573,0.013200874450592925,0.10044996894775604,-0.09848366421760202,-0.14469696969696966,0.03846153846153855,3.0540882527190414,-0.1954459203036054,0.028391167192428957,1
-0.3378016085790885,-0.2755809182517307,-0.33694056206438006,-0.09669452887537988,-0.06152433425160697,-0.43333333333333335,7.153387734915924,-0.19665271966527198,0.08139534883720922,0
0.08503401360544216,0.1722917148194063,0.02732897165316661,0.03267170209028647,0.1328047571853319,-0.2941176470588235,-0.6027499347915192,-0.1712962962962964,-0.17692307692307696,1
-0.07504363001745196,0.01145754250879083,0.0030324659351650407,0.0051454138702460295,0.09122006841505126,-0.023255813953488302,0.8790309446254072,0.544235924932976,0.04637681159420293,0
0.16459627329192528,0.11899327904859547,0.24868326927723539,-0.02846359490485928,-0.030303030303030387,-0.03703703703703709,2.1786484765055167,-0.05995203836930452,-0.07119741100323629,1
0.05807200929268297,0.3079646283696871,0.004743415899290726,0.34237453305181087,-0.28559463986599676,-0.09722222222083332,8.462362445343866,-0.058394160583941535,-0.21672555948056527,1
0.028368794326241176,-0.025434008377543837,-0.07003783001646191,-0.11508196721311481,-0.16477987421383644,0.0,-0.2396863314873916,-0.07327586206896552,0.20578778135048237,0
0.2549800796812749,-0.024257470725109198,0.1647525239041423,-0.10986852047755791,-0.09855334538878835,0.41176470588235303,-0.7908080973363409,0.1336898395721926,-0.0619195046439629,1
0.010676156583629748,-0.18852593312020527,-0.21801579156805662,-0.2744386177221998,0.26265520534861486,0.0,8.370356253493927,0.1515957446808509,0.29966329966329963,1
0.09407216494704373,-0.09096404091864896,-0.1791489435580479,-0.14719772403934406,0.024573721166059492,0.07142857143010195,0.22083777455614828,-0.049839228296583715,0.1907692307692308,1
0.05319148936170204,-0.04185616232010636,-0.16126512111215752,-0.4010783907092492,0.17447199265381075,0.18518518518518512,-0.5456203292599668,0.11382113821138229,-0.030927835051546282,0
0.14925373134328357,0.4184863730904056,0.2669908361382909,0.2089969866551873,0.12900096993210486,-0.14814814814814825,-0.42456529264525744,-0.19354838709677424,-0.0431034482758621,1
0.1344827586206896,-0.035554086236369686,0.15072495366837457,-0.22346459244854977,0.004979253112033177,0.41176470588235303,0.09158584254972846,-0.020642201834862317,0.04731861198738174,0
0.005847953216374213,0.27064029943789936,-0.053578972335073805,-0.10721279373368131,-0.06698113207547163,-0.19999999999999996,0.6244420938572277,-0.10476190476190472,0.026470588235294024,1
0.28519855595667876,-0.15498737912061977,0.19037787662155092,-0.22253716665657575,-0.10899780541298787,0.33333333333333326,0.11409891574511,0.2866972477049463,-0.07419354838709658,1
-0.10909090909090913,0.23591598188165808,-0.051895306859205736,0.21694127587663714,-0.0480461242793081,-0.03846153846153855,-0.021434056033368454,-0.15226337448559668,-0.22884012539184972,0
-0.1325301204819277,-0.1595832816205388,-0.17817307787809267,-0.23735269610760623,-0.1509274873524451,0.1923076923076923,2.1020498466731152,0.10487804878048768,0.03353658536585358,1
-0.1792328042328042,-0.04934615750205762,0.06886977963167507,0.061098654708520383,0.15671641791044788,0.15476190476190466,-0.3407703737570008,0.10081585081585098,-0.09687500000000004,1
-0.34482758620689646,-0.11164259800848586,-0.2880700573314803,-0.21271528032246234,0.18550724637681149,-0.34375,1.0130712379509696,0.010638297872340496,0.08945686900958472,0
0.20572916666666674,0.24220928749900583,0.293297128445825,0.4185032695567936,0.009132420091324311,0.40909090909090895,1.9940312538568392,0.15116279069767447,0.034285714285714364,0
-0.19607843137352943,-0.06444848057502883,-0.17288570718268492,0.08799134511359541,-0.272982911531473,-0.206896551724138,0.5267504662258713,-0.13319530710766048,0.03160040774617745,1
0.23206751054852326,0.4046253917855096,0.18363011671735396,-0.16243036211699158,-0.17625637290604523,-0.20833333333333337,0.5573961403175207,-0.14559386973180077,0.05610561056105612,0
-0.26502732240437166,0.25849529325625187,-0.0029517835021376504,0.1595116988809766,0.23544303797468347,0.03703703703703698,0.008291316526610748,-0.061320754716981174,-0.09554140127388533,0
0.07058823529411762,-0.024946899426602998,0.11255031796672599,0.006819813352476611,0.4356807511737091,0.11111111111111094,1.144703927547611,0.15625,-0.11149825783972123,0
-0.10666666666666658,-0.0861319398203102,-0.1069321845493999,-0.03191676952918365,-0.061224489795918324,-0.36,-0.07917782625394043,-0.07532467532467524,-0.24888888888888894,0
-0.25058548009367687,0.2243113622792039,-0.10185886871475591,0.03226847370119401,-0.052953156822810654,-0.06896551724137923,5.882022017915198,-0.04166666666666674,0.15692307692307694,1
-0.23488372093023258,-0.17090972349225986,-0.14073931956625207,0.0733236854799808,0.38169934640522873,0.0,0.49283062311123893,0.282958199356913,0.23229461756373926,1
-0.08496732026143794,0.05093770916812401,-0.20907893219301443,-0.16849816849816857,-0.05644546147978635,0.2272727272727273,-0.31163179126075136,-0.04225352112676062,0.11987381703470035,1
0.08119658119658135,0.0020663439952279816,0.02078795648064302,0.10661563696008747,-0.03776978417266186,-0.16666666666666663,0.47378766581744713,-0.11085450346420322,-0.2763157894736843,0
-0.37535816618911166,-0.028874177354753505,-0.246219531113559,0.05783822476735856,-0.030728709394205467,-0.15384615384615385,-0.7970113686125812,-0.05249999999999999,0.09183673469387754,0
0.03821656050955413,0.15990610835390062,0.02736837880515286,0.0299495037436881,-0.3274523641496119,0.25,-0.43243384253903605,0.07438016528925617,0.10223642172523961,1
-0.17150395778364114,-0.09510124837595668,-0.20305821996426754,-0.2349388928828181,-0.18181818181818177,-0.11111111111111116,-0.43891208182013597,-0.04282115869017644,-0.04498269896193774,0
-0.13239436619718303,0.01918222027311267,-0.11614404429796543,-0.07928559505925559,-0.05151267375306623,0.034482758620689724,-0.08808179023378848,-0.0685579196217494,0.24571428571428577,1
0.13180515759312317,-0.1432720476118292,0.004006148873523907,0.04170444242973703,-0.2657450076804916,0.08000000000000007,-0.8540190743153723,-0.009685230024213065,-0.009966777408637828,0
-0.18181818181818188,-0.13753386091562392,-0.20664918021746226,0.025139089223160882,-0.2254259501965924,0.21739130434782616,0.884978614431984,-0.013363028953229383,0.1278195488721805,1
0.49425287356321834,0.325236321560318,0.4406808415091279,0.41830188679245284,0.14965986394557818,-0.23076923076923084,-0.32014379532509574,-0.08936170212765959,-0.2335329341317367,1
-0.10197368421052622,0.03786070733230518,-0.09015733835746298,-0.06307716387541085,0.2505592841163309,0.3999999999999999,-0.7636844236782712,0.11784511784511786,0.1045296167247387,0
-0.20846905537459282,0.06392850257747429,0.053329213656727825,0.3657633066874635,0.3429787234042554,-0.08823529411764697,3.932834573600223,-0.13372093023255816,-0.03370786516853941,0
0.1678321678321677,0.40900506404279424,0.353957926756141,0.828618190320318,0.32320162107396144,0.6000000000000001,1.6442960411702279,0.08396946564885499,0.09764309764309764,1
0.26058631921824116,0.1713164059077683,0.20556277787598165,0.06471550627158695,-0.15992647058823517,0.2727272727272725,-0.14913566879459816,-0.2275574112734864,0.053475935828877,1
-0.09595959595959602,0.16509078898506657,0.1347755754516371,0.44417475728155353,0.33383685800604224,0.23809523809523814,-0.24198072279432037,0.24251497005988032,-0.1238390092879258,0
0.9384615384661266,0.5222133688158765,0.5533804126954154,0.3302174636624904,0.4640774034180821,-0.04021937842708612,1.2350965912131429,0.4425873307693109,-0.0246551724155597,1
0.07431838170671701,0.2050187655777309,-0.08681211468014938,0.07437832487964235,-0.11017728168323004,-0.054999999999054916,-0.13693664177306675,-0.2304147465437788,0.084356647088763,1
0.28148148148148144,0.19262365522068237,0.22952614205089983,-0.1445319335083115,0.061881188118811714,0.12500000000000022,-0.8450634265627388,0.23167155425219943,-0.036363636363636376,1
-0.15648027741546144,-0.11863437761028472,0.04531257312449122,0.1241193535013474,-0.08748692924257861,0.037037037035116516,1.2997166863243392,0.09716113554490446,-0.07454634624710677,0
-0.07534246575342463,0.18590337507398202,0.043776415944402736,0.04477348845408091,-0.26875000000000004,0.21739130434782616,-0.4910920158877251,-0.12603305785123975,-0.03806228373702436,1
-0.25316455696202533,-0.18443509198584318,-0.2151632067124516,-0.3184989920917971,-0.187793427230047,-0.15384615384615385,-0.8481929190231523,0.10526315789473695,0.028225806451612878,1
0.09186351706036744,0.3648451143763065,0.2375287376886399,0.6137339055793991,-0.14914425427872857,-0.36363636363636354,-0.23368340988210512,-0.13636363636363635,-0.30124223602484457,0
0.30996309963099633,0.2569765319496329,0.16780258839219542,-0.2905427364315891,0.11305241521068865,-0.2499999999999999,-0.7056804437741708,0.19130434782608696,0.02135231316725983,0
-0.24104234527687296,-0.14541432446433677,-0.12810367145210644,-0.07530224525043183,-0.22365805168986086,-0.2692307692307693,0.807318784387578,-0.035532994923857864,-0.05723905723905731,1
0.18545454545454554,0.06694926573663063,0.06299008219070146,0.28367875647668406,-0.15345005149330582,-0.19354838709677424,1.4198017775468594,0.09971509971509973,-0.27500000000000013,0
-0.2690217391304348,-0.17535091309921114,-0.17594469048614403,-0.1655823446868222,-0.06503198294243062,-0.27586206896551724,0.22140302578897408,0.19926199261992616,-0.037931034482758585,1
0.1832061068702291,-0.11126556930982545,-0.18922982216750295,-0.05370370370370359,0.09138655462184886,-0.09999999999999998,0.206766841728953,-0.39497716894977164,0.08799999999999997,1
-0.14876033057851235,-0.013191118539397584,-0.07471092777307253,-0.09185909320748353,0.04577822990844349,-0.07142857142857129,6.224691470172206,-0.09941520467836251,0.08045977011494243,1
-0.15753424657534243,0.01896215763487108,-0.13358855414442827,-0.009745363093366932,0.45261984392419174,0.04347826086956519,-0.7066981153613461,-0.03485254691688999,0.07308970099667789,1
-0.12676056338028163,0.07725407880745672,-0.06317698264758542,0.3721854304635761,-0.14160000000000006,-0.04166666666666674,0.28795153777551974,-0.0024330900243308973,0.06886227544910173,1
0.024169184290030232,-0.020027976650397683,-0.15499021567507643,-0.023259570344047797,0.004488330341113178,0.34782608695652195,0.13057118154972436,0.16010498687664043,0.1979522184300342,1
0.4761267291405622,-0.0144370619379246,0.23865398684120698,-0.10616632785726077,-0.12392266480293512,-0.23412698412857136,-0.5814290307270695,0.11563915012225712,0.0566364029416343,0
0.024844720496894235,-0.0025950477890399615,0.021778172987866107,-0.20824167766534685,-0.029826014913007515,0.0,2.7819728218966846,0.1824817518248174,-0.296028880866426,0
-0.0029325513196480912,-0.004547320976076019,0.0027081834603510657,0.12025745257452569,0.32624999999999993,0.11999999999999988,0.3296917843129463,0.17922077922077917,-0.07119741100323629,0
-0.05673758865248224,-0.18470722734307932,-0.11287507642096228,-0.3298722044728435,-0.2581100141043724,-0.2222222222222222,-0.30644824960841077,-0.02995391705069117,0.06093189964157708,0
-0.2064516129032259,-0.023005729763636795,-0.06326579916213981,-0.11541824540950163,0.09634551495016597,0.1071428571428572,-0.5880971538863402,-0.02421307506053272,-0.05882352941176472,1
0.07317073170731714,-0.153241381998513,-0.034646476445189145,-0.22992530345471518,0.005494505494505475,0.5882352941176472,-0.9237367976187881,-0.029490616621983712,-0.04590163934426217,0
0.2807017543859649,0.09431204092329071,0.23074501510937018,0.47874047332531067,-0.3916730917501926,-0.21875,-0.06499637418419146,-0.19489559164733172,-0.035211267605633756,0
-0.047101449275362306,-0.17947593265254835,0.08119693484053547,-0.1709986320109439,0.006092254134029584,-0.11538461538461553,-0.6310856244004045,0.28034682080924833,-0.3076923076923075,1
-0.4668304668304669,-0.3219729415825743,-0.1206692699178008,-0.0347903657448706,0.1651943462897527,-0.5121951219512195,-0.6112003633991994,-0.022471910112359605,-0.3271889400921659,0
0.057432432432432456,0.6775911635437386,0.1038061940784829,0.4553285749446221,-0.34842015371477364,-0.1724137931034483,4.308741032181989,-0.1105527638190954,-0.16723549488054612,0
0.18944099378881973,0.1880310413542292,0.286507987927344,0.1363290175171361,0.12480974124809752,-0.21739130434782605,-0.5731385409846548,0.03157894736842115,-0.2142857142857142,1
-0.5833333333333333,-0.42548290893409435,-0.43216194508621797,-0.327212020033389,-0.05905905905905906,0.16666666666666674,0.5582323131190217,-0.21881838074398252,0.4036144578313253,1
-0.12903225806451624,-0.03087057532455395,-0.14560557637979155,-0.04924623115577886,-0.15719063545150502,-0.29729729729729726,-0.3206044483806162,-0.17124735729386886,-0.11808118081180807,0
-0.17847769028871396,-0.0918562427066636,-0.033288271043690476,0.1180393464488163,-0.06440382941688427,0.031249999999999778,-0.457434690597065,0.3296703296703296,0.014134275618374659,0
-0.2407906558840971,-0.2274840369441753,-0.18125453606927044,-0.06989163685332078,0.2874149659821428,0.1578947368421053,-0.5738215918937662,0.1594620557146973,0.24159854677656678,1
-0.10583941605839409,-0.17568344817771042,-0.12696475801292317,-0.25414296314617857,0.3645320197044335,-0.19354838709677424,-0.6324800638985868,0.012919896640826822,-0.092741935483871,0
0.17721518987341778,0.1436373515253102,0.06493574032637883,-0.11414309484193019,0.019607843137254832,0.30434782608695654,-0.5947999520481391,-0.026666666666666727,0.12891986062717764,1
-0.2578313253012048,-0.1664001230201445,-0.12297851021856265,-0.28801770471071775,-0.15576923076923077,-0.2666666666666666,-0.591237762683759,0.11479591836734704,0.16293929712460065,0
-0.057507987220447254,0.06549924587722011,0.025162834983851967,0.41327416554119245,-0.01388888888888895,0.11111111111111094,-0.23493620652573588,-0.13043478260869557,0.17684887459807075,1
-0.09027169150000014,-0.1538941672096641,-0.15257010449623543,-0.21881105845936177,0.16153407471057868,-0.30857142857200004,-0.4060940592679323,0.15069004102872063,-0.12794612794612803,0
0.08582089552238803,0.12808071730968917,0.1048272609706058,0.16062962260572733,-0.4484472049689441,-0.040000000000000036,0.5634576546894494,-0.060209424083769725,-0.05555555555555558,0
0.441025641025641,0.14875675865228022,0.3670848209544806,0.16088922381311255,-0.2282541640962369,0.23809523809523814,-0.8178768238351368,0.06407322654462244,0.07598784194528874,0
-0.3897435897435897,-0.4272850436237876,-0.3749060663476669,-0.2785902310617139,0.07878151260504196,-0.4814814814814815,-0.703732800404291,-0.2854030501089325,-0.05494505494505497,0
-0.03873239436619713,-0.14350889874048,-0.04714158417137293,0.2133076593923835,0.041297935103244754,0.04761904761904767,-0.44263263618102333,-0.1852631578947368,0.07395498392282962,0
-0.2626582278481012,-0.262580736184876,-0.3300879828454356,-0.45459533607681757,-0.3671830177854275,-0.23076923076923084,-0.7891394568368607,-0.16083916083916083,-0.03583061889250816,1
-0.013468013468013407,0.0022858666732585853,-0.015004203131821936,0.2300469483568075,-0.09653233364573566,-0.20833333333333337,-0.490393252327039,-0.10148514851485158,-0.026058631921824116,0
0.05787781350482302,-0.06410661689512454,-0.02085352082482983,-0.011297611362169113,0.8954703832752613,0.15384615384615374,0.2947971551510451,-0.015452538631346435,0.13414634146341464,1
-0.23454157782388063,-0.20985043528940628,-0.07313013404798951,0.12156099670261056,-0.16239434668186226,-0.3186813186807692,1.5001956837750194,0.042973286875338745,0.04864154250613495,1
0.07121661721068251,0.07012623199427526,0.17413936515602768,0.1122830894862199,-0.015026296018031515,-0.1428571428571428,14.245503647895012,-0.059113300492610765,-0.22764227642276413,0
0.11627906976744184,-0.07070858788914014,-0.0854875021588527,0.009204584925321502,-0.14500000000000002,-0.20000000000000007,-0.8891317669566257,-0.03160270880361171,0.07739938080495345,1
0.047794117647058876,-0.07014370072689313,-0.14709292614263292,-0.281975385574077,-0.11315789473684201,0.1923076923076923,5.7589904545427775,-0.025943396226415172,0.06818181818181812,1
0.12676056338028174,0.21833673613284899,0.15150442779208695,0.18979703784969848,0.10147783251231535,-0.04166666666666674,-0.11846627493454553,0.04960835509138395,-0.012195121951219301,0
0.08950086058634543,0.10488859994927924,0.15899126966334975,0.2591882390548099,-0.08621721949706618,0.16883116883181803,0.9756994027902504,0.27605633802816887,-0.10306122448928567,1
-0.013289036544850585,-0.136313792078676,-0.1643863591948408,-0.29774243930143396,0.561965811965812,0.5454545454545452,1.3399160534770442,0.2202531645569621,0.33689839572192504,1
-0.04870129870129869,-0.10099858036800502,0.010808467361576923,-0.05882352941176472,0.01828571428571424,-0.34615384615384615,-0.8056317880794702,-0.13559322033898302,-0.32592592592592573,0
0.11553784860557759,0.0601068195877672,-0.019244331244926083,0.014955469668963106,-0.09263015551048015,-0.09999999999999998,-0.9300036706625568,-0.17017208413001905,-0.08960573476702516,0
0.2075471698113207,0.1421568757965288,0.13515847512864942,0.0338883447600391,0.0969773299748109,0.19999999999999996,2.7774101777266336,-0.06649616368286448,0.2727272727272727,1
0.5061224489780547,0.2979262807658616,0.3372383796584624,-0.15185415371866584,0.011324041816251462,0.4638554216902744,0.49086721693958313,-0.1524493243239664,0.053745381256934066,1
-0.14239482200647247,-0.10004427237943248,-0.09711440289553375,-0.02769901853871315,0.14008179959100198,-0.4516129032258065,-0.4132858432338806,-0.1809954751131222,-0.036144578313252795,1
-0.08992805755395683,-0.021016586706448348,-0.16591958652245198,0.06703910614525133,-0.17216117216117222,-0.25806451612903236,-0.8890399083894305,-0.3492063492063493,0.020270270270270285,1
0.07744107744107742,0.16128346236100288,0.14091713463532796,0.11895098345301269,0.5189255189255189,0.08000000000000007,-0.7025170270638104,0.08831168831168834,-0.33333333333333326,0
0.28270042194092815,0.1464188396558348,0.13016287392511083,0.1234388009991676,-0.07155963302752288,-0.04166666666666674,-0.7299580475651838,-0.23735408560311277,-0.06609195402298873,1
0.2897526501766785,0.1040933783189173,0.01840918442638717,0.5045678144764583,-0.05970149253731338,0.26923076923076916,2.5195634849224917,-0.2898550724637682,0.18068535825545173,1
-0.013698630136986245,-0.13855451746515413,-0.0972682320089664,-0.30241993913925524,-0.019607843137254832,-0.13793103448275856,3.984772682287579,0.07042253521126751,-0.22399999999999998,1
-0.2310344827586207,-0.2522366871737013,0.0051223887758939934,-0.08698286307772196,0.2911093627065302,-0.12962962962962965,0.36134726596396693,0.2694235588972431,-0.1420664206642066,0
-0.2222222222222222,0.043459721404284,-0.269520424486853,-0.11587561374795408,0.02620967741935476,-0.21875,-0.3803838817482056,-0.3098901098901099,0.1917808219178081,0
-0.022900763358778553,-0.11869998087879574,-0.10132804341760082,-0.029538461538461624,-0.14222873900293254,0.18181818181818166,-0.8344681427775476,0.11633663366336644,-0.10317460317460325,0
-0.23976608187134507,-0.2222061720661711,-0.03176944923663927,0.18102900698708435,0.6673040152963672,-0.04347826086956508,5.078804624774933,0.2372448979591837,0.06542056074766356,0
0.07395498392282951,0.3507634028529636,0.07568281410779543,0.381027529370507,-0.014358108108108114,-0.09523809523809534,0.5904931792662436,-0.15048543689320393,0.13442622950819672,1
0.06567164179104479,0.29356791804382265,0.131627809639155,-0.014978257368336245,0.26615969581749055,0.03571428571428581,-0.4698963681283791,-0.11967545638945232,-0.01672240802675584,0
0.18950437317784252,0.03226697449409066,0.2855741326104131,0.10835861139197855,0.26666666666666683,-0.06896551724137923,-0.26149369058616345,0.4181286549707601,-0.3394833948339482,1
0.24028268551236742,0.044676477013284144,0.20756503958154093,-0.09983599835998358,-0.014959723820483495,0.10526315789473695,4.5475562102334335,0.11170212765957444,0.1428571428571429,1
-0.11912225705329149,-0.0746971295401766,-0.13016956955420844,-0.13276632550093703,-0.1796453353893599,-0.14814814814814825,2.62375460065171,-0.2514851485148515,-0.06944444444444442,1
-0.2541436464088398,0.059269504525109484,-0.14967669313463816,0.2539197719405415,-0.15391705069124428,0.08000000000000007,-0.5438470536848394,-0.26497695852534564,0.16167664670658677,1
0.06687898089171984,0.0917239669853076,0.022150826795025225,0.23642408570373097,-0.2902182700080841,-0.04166666666666674,1.9824926878190512,0.04878048780487809,0.15426997245179064,1
0.7309417040358746,0.19744868746799105,0.17240421119906624,0.047071702244116054,-0.5439146800501882,0.375,0.1790969318125364,-0.10244988864142546,-0.1821192052980134,1
-0.3944562899786781,-0.19967075700427228,-0.1764175169269866,-0.06407733766789292,0.15954415954415957,-0.3870967741935485,1.870088408644401,0.09743589743589731,-0.20143884892086317,0
-0.11594202898550732,-0.024028759847412706,-0.021888482024395528,-0.007661661048115276,0.2722868217054264,-0.16129032258064513,-0.6054171211627545,-0.004716981132075415,-0.0588235294117645,0
0.4566037735849058,0.07928639276958305,0.1595889601388758,0.13377073081829782,-0.2894995093228655,0.5,1.1628519955989214,-0.09289617486338797,-0.02430555555555558,1
-0.140625,0.18401063701196674,0.3283133412065551,0.22742090124640457,-0.14579606440071557,-0.2499999999999999,-0.5329830740724173,-0.08915662650602418,-0.3877551020408163,1
-0.02473498233215543,-0.009103458597932046,-0.06844661271229702,0.04412426834759131,-0.15837796480489663,-0.34615384615384615,-0.6749706347518059,-0.26,-0.036666666666666625,0
0.1541850220264318,0.02730473144978629,0.018099128321210634,-0.011252591057151373,-0.2806919642857142,-0.03846153846153855,-0.7004891906135633,-0.19374999999999998,0.021428571428571463,0
-0.0060606060606061,-0.01523735405433102,0.14744291832816425,-0.24925536918012225,0.5494613124387855,-0.15625,-0.7096044332232491,0.3497109826589595,-0.4935622317596564,0
-0.06666666666666665,0.04149651321886472,-0.024693378635949337,0.3277572456720481,-0.2529209621993127,0.19999999999999996,-0.613366128198432,-0.07126436781609202,0.20155038759689936,0
-0.2048028998633482,-0.2839411864621092,-0.2980626452913617,-0.25921918062949745,0.10082493125572878,-0.2500000000009375,0.4847375411035275,-0.19961749940272544,0.08036739379917379,0
0.9959349593495934,-0.02045916326858077,0.2133388946190249,-0.10644171779141098,-0.33742331288343563,-0.15625,-0.08661616161616159,-0.3163265306122449,-0.1929824561403508,1
-0.04255319148936165,-0.11781792165438254,0.08039596569423413,-0.15199411872817503,-0.03149606299212604,0.5263157894736843,-0.22822832764989387,0.13249999999999984,0.23750000000000004,1
0.40705128205128194,-0.15570105746708973,0.07960111440701612,-0.11157968722544365,0.008110300081102917,-0.206896551724138,1.7052727610915759,0.0649651972157772,-0.2873134328358209,1
-0.12621359223300965,-0.303328880686898,-0.185900628818643,-0.21119733924611972,0.03873598369011222,0.5263157894736843,2.7105799642608455,0.20679012345679015,0.18466898954703836,1
0.09473684210526323,-0.0034579814708871615,0.0016004228043311475,0.10907827698008332,0.06698564593301448,-0.23809523809523814,0.3042176957082725,0.30877192982456125,-0.013245033112582849,1
0.00390625,0.30837956180259174,0.10010401667228086,0.2259677718095945,0.1925133689839571,-0.1333333333333333,0.4421351988624431,-0.0751565762004176,-0.2529644268774702,0
-0.22455089820359286,-0.04533586884254326,-0.12968041704442435,-0.11216302952503221,0.03588516746411474,0.3500000000000001,-0.48971144935048616,0.3354231974921631,0.1524064171122994,0
0.05166051660516602,-0.137118674474339,-0.21570631456825595,-0.1426390773405699,-0.1551551551551551,-0.1428571428571428,-0.7423751887460891,-0.27664399092970526,0.10370370370370374,1
-0.0896624472563291,-0.12551505709414756,-0.11546545837931521,0.11863865893225212,0.10429242119718296,-0.08465608465714292,-0.635972956299915,0.02975625197720788,0.10576351752941182,0
0.20216606498194944,0.27489664280037585,0.33651507601976927,0.5435843054082714,-0.20779220779220786,0.17391304347826098,0.8694066053479257,-0.06265664160401008,-0.268,1
-0.29607250755287007,-0.07910032911785825,-0.20238562927025983,-0.25642549398306347,-0.052855924978687185,0.03846153846153855,-0.705496559062229,-0.09174311926605505,0.16307692307692312,1
-0.016260162601626105,-0.2741294759086813,-0.09576634668689643,-0.1542530975915355,-0.14710365853658525,0.21739130434782616,0.43324155433715617,-0.016393442622950838,0.11406844106463876,0
0.13238289205702647,0.1507199318033876,-0.07459338226209578,0.11771700356718195,-0.04575892857142849,0.2134831460674158,-0.8533236807032795,-0.16666666666666674,0.07216494845360832,0
-0.02180685358255463,-0.1635468000164022,-0.18686141743963947,-0.23124108416547795,0.541083916083916,0.0,-0.7632078626250112,-0.3188073394495413,0.28205128205128205,1
0.23199999999999998,-0.16272757388937364,-0.02917126539756465,-0.049722799722799804,0.06944444444444442,0.5263157894736843,2.69299602960404,0.00561797752808979,0.10509554140127375,1
0.35344827586206895,-0.0174472737118333,0.024761487056870424,-0.09251510925151085,-0.17514124293785316,-0.11111111111111116,1.0377196161649693,0.007481296758104605,0.03246753246753242,0
-0.31594202898550716,-0.15220871201374608,-0.11607104662969792,-0.007776599505125437,-0.03343782654127481,0.4999999999999998,-0.13739165222029603,0.3487544483985765,-0.0652173913043479,0
0.6542056074766356,0.49843564512087224,0.7317122759134813,0.33554589150835445,0.2755905511811023,0.6875,-0.29404912226998114,0.7765567765567765,-0.31799163179916334,1
0.13442622950819683,0.032965899448758273,-0.04615236783523646,-0.10170225043277548,0.10877862595419852,0.18181818181818166,0.4397072540718949,-0.18097447795823673,0.34316353887399453,1
-0.49275362318840576,-0.42613812317042987,-0.41302387467006396,-0.5088131609870741,-0.13268892794376097,0.050000000000000044,-0.8440391547668837,0.22289156626506013,-0.34156378600823056,0
-0.32602739726027397,-0.02071262311030131,-0.2632233584838086,-0.0061295971978984065,0.036053130929791344,-0.16666666666666663,0.10235853993048871,-0.2361702127659575,0.2926829268292682,0
-0.0036496350364962904,0.11415287931501061,0.05554128794348556,0.3527095877721167,-0.3133450911228689,-0.07407407407407418,-0.9104588654813295,-0.09111111111111114,-0.010830324909747224,1
0.0717131474103585,-0.09020360850523002,0.014022510535240729,-0.3506011577853645,0.15191855912294439,0.11999999999999988,-0.27719229680740676,0.23097112860892377,-0.008658008658008587,0
0.18827160493827155,0.03824945446593864,0.0010096882530921114,0.09668897499119433,0.1307317073170733,0.33333333333333326,14.36260010614618,0.0678851174934727,0.07491856677524433,1
0.4672131147540983,0.0776591754519691,0.19441009386644215,0.5644498186215234,-0.03131749460043187,-0.1428571428571428,2.280212774056029,0.043333333333333446,0.03401360544217691,1
-0.16624685138539042,0.4027519808815907,0.06357903474915538,0.49630541871921174,-0.25886524822695034,-0.27586206896551724,3.102187152631002,-0.18074656188605098,0.06153846153846154,0
0.3981900452488687,0.04945066450363633,0.24227021487873124,0.011354252683732469,0.05803571428571419,0.05263157894736836,-0.4569470410604868,0.22619047619047628,0.19939577039274925,0
-0.18811881188118806,-0.21133275435900856,-0.22504853536497982,-0.2835372397510195,-0.04375000000000007,0.34782608695652195,0.33531448433191735,0.09425287356321843,-0.08536585365853644,0
0.14919354838709675,0.28131423677088274,-0.0042322670043243305,0.22398877718026666,-0.3190932868352224,0.2272727272727273,2.5956833034243263,-0.342237061769616,-0.10344827586206895,1
-0.3130287648054145,-0.07110430975990056,-0.12459864525480069,-0.09325276938569993,-0.37220956719817766,-0.021276595744680993,1.3891236162361622,0.07126436781609202,0.07602339181286555,0
-0.3538873994638069,-0.1381663208398073,-0.1048995078587397,-0.21225777377196942,-0.044871794871794934,-0.08695652173913038,-0.4719287111957269,0.29700272479564016,-0.30065359477124165,0
-0.12215909090909105,0.003919317027668345,0.023675369353898024,0.15108858858858865,-0.06988352745424298,-0.06896551724137923,-0.29213511902803224,0.1394658753709197,0.13056379821958464,1
0.575,0.22347994021782092,0.39710447841182717,0.2799925135691559,-0.1695817490494297,0.10344827586206895,1.2445557287275268,0.004761904761904745,-0.3600000000000001,1
-0.07530120481927716,-0.09478051620162031,0.014495079101300545,0.22337662337662345,-0.0121212121212122,-0.20000000000000007,0.8981999827749547,0.3648648648648649,0.16715542521994142,0
0.7093596059113301,0.2500015907992279,0.30633499292106614,0.43971323050184674,-0.3033873343151695,0.38888888888888884,-0.7901473371476688,-0.23296703296703303,-0.02166064981949467,1
0.48134328358208966,0.4405723328889788,0.2646966680727514,0.3803208556149731,0.17860851505711328,0.1428571428571428,1.2590301019021104,-0.0767676767676767,0.1310541310541311,1
-0.12137203166226918,-0.20711302889578265,-0.10292405812539474,-0.14386611392599402,-0.051694915254237195,-0.03846153846153855,1.4385791317471504,-0.36976744186046506,0.12462006079027355,0
-0.24477611940298505,-0.15680164875730862,-0.32381742738589214,0.014332025251663438,-0.182909604519774,-0.11111111111111116,-0.13343079612267594,-0.23130841121495327,0.024844720496894568,1
-0.19465648854961826,-0.23198664067725983,-0.27727852264239383,-0.3606109403205974,-0.09668353007588537,-0.33333333333214277,-0.8025968233439387,-0.08289241622486754,0.01731601731493504,0
0.18014705882352944,0.09885667471416859,-0.07979173264509498,-0.12461005199306752,-0.08262350936967633,0.0,0.7287381935295971,0.11898016997167149,0.022140221402214055,1
0.2850678733031673,0.2278940536193561,0.0853974408271383,0.01952085181898844,0.19396984924623117,-0.2333333333333334,0.16851397409679625,-0.006342494714587699,-0.12692307692307692,0
-0.17045454545454553,0.02786643432319158,-0.20987609983839106,-0.14414893617021274,0.6748251748251748,-0.11538461538461553,-0.6533253471760061,0.010610079575596787,-0.08445945945945943,0
-0.0035842293906809264,-0.23709018657261027,0.08203377036052828,0.2125396106835673,-0.19784524975514195,-0.2499999999999999,0.8264913406029506,0.12396694214876036,-0.05063291139240511,1
-0.0842105263157894,-0.044145993552625495,0.0632541142844667,-0.21355353075170835,0.32302405498281783,0.0,0.318116376388601,0.2486338797814207,-0.22743682310469326,1
-0.03975535168195732,-0.0165141602244141,-0.07875987308668486,0.12423825437389424,0.014537107880642663,0.26315789473684204,2.7902779441337966,-0.2612966601178781,0.02052785923753675,0
0.10855263157894757,-0.12905041186998067,0.15645697808624015,0.24170050155242406,0.5780274656679152,0.44999999999999996,0.3753855667645174,0.18489583333333348,0.12058823529411766,1
0.05668016194331993,0.01880629643515319,0.2677685903006628,-0.12921554252199408,-0.04525674499564836,0.20833333333333326,-0.2115197836588819,0.4180327868852458,-0.0033112582781458233,1
-0.008695652173912993,0.02896069081741115,-0.01187909091317485,0.06514598540146,-0.26859504132231404,0.04166666666666674,5.365020753224037,-0.2285067873303167,0.04234527687296419,1
0.13703703703703707,-0.11187053839290495,-0.08128345754889799,-0.15499593826157587,-0.19814502529510958,-0.033333333333333326,-0.7279157539631051,-0.12850467289719625,-0.5502392344497609,0
0.5089686098654707,0.5718254667114346,0.5461731552086369,0.8251946213729655,-0.6024265048996733,0.09482758620689657,0.15502049156097697,-0.1432086614173228,-0.1991150442477876,0
0.134020618556701,-0.13790007361688295,0.0908893096264134,-0.06463947560087402,0.2927605409705647,-0.03571428571428559,-0.682121499919935,0.02083333333333326,0.07968127490039845,0
-0.03125,0.10618814703063872,0.022645369972291052,0.41788944723618093,-0.4038847957133289,0.2272727272727273,-0.7528244133587289,-0.1800554016620498,0.11803278688524599,0
0.18796992481203012,0.16552143470041303,0.16350350625097554,-0.022364217252396235,-0.29492537313432843,0.33333333333333326,0.3297903093450043,-0.047169811320754707,0.11428571428571432,0
0.3962900505878646,0.4738616587366604,0.3663771649661285,0.47953629744717663,0.09792709077873551,0.3351648351663026,-0.6381525417812026,0.067755102041688,-0.005805515240207448,0
0.003937007874015741,-0.07638152564199474,0.02218252046073621,0.2158474436955451,0.1503094606542883,0.23809523809523814,-0.5544136945233986,0.11559139784946226,0.15636363636363637,1
0.17578125,0.15613007604669482,0.17384960209961164,0.34395036194415707,0.034682080924855585,-0.13043478260869557,-0.38174367187944125,-0.1498829039812648,-0.44491525423728806,1
-0.410377358490566,-0.20334125946119952,-0.3373885459157966,0.06876193783642992,0.17733333333333334,0.19999999999999996,-0.8155621332688218,-0.08064516129032262,0.4125874125874126,1
-0.3539325842696629,-0.2621190319654907,-0.0792793046705792,-0.12574756059175318,0.0216095380029806,-0.09090909090909083,0.38956749894754705,0.11455847255369944,0.08764940239043839,0
0.24193548387096775,0.010526370046133993,0.20751407647697562,-0.013521947160391123,-0.09404761904761916,-0.09090909090909094,-0.5784831897958671,-0.12133891213389114,-0.02205882352941191,1
-0.03525641025641024,0.046096344704539716,-0.1191076425807881,-0.25706728384857,0.04334365325077383,0.15999999999999992,-0.48050769552471995,-0.23790322580645173,0.024539877300613466,0
0.0948905109489051,-0.10964153652451614,0.0941670536981678,-0.1331565768154367,0.326086956521739,0.0,-0.14024129655807227,0.2704225352112677,0.08424908424908428,1
-0.18575851393188847,-0.06026369969950662,-0.014810065390557292,0.4529411764705882,-0.07626310772163969,0.0714285714285714,0.9567812798471824,-0.04484304932735428,-0.11857707509881421,0
0.1278195488721805,0.2094317051026251,0.22214231252442396,0.01181988742964335,-0.39772007599746684,0.08333333333333348,-0.7382904851828171,-0.1673553719008265,0.025787965616045794,0
0.20895522388059695,0.20136985665444285,0.1713861365517888,-0.2832148715144889,-0.10269865067466266,-0.09999999999999998,0.16104210214915682,-0.18738049713193117,0.12413793103448278,0
0.22514619883040932,0.09674535130605477,0.3153408920393501,-0.07543138866064092,0.17098445595854916,0.9333333333333333,0.244795846815413,0.36917562724014363,0.0725075528700907,1
0.11370262390670582,0.20093810430611425,0.10960113830486873,0.3561164333087694,-0.26468344774980923,-0.32258064516129026,-0.474095293358088,-0.21444695259593682,-0.0725552050473186,0
0.048327137546468446,-0.17112815791122227,-0.023603195501593732,-0.14952987564452536,0.25151515151515147,0.38095238095238093,-0.693662908974104,0.06839622641509435,0.010101010101010166,0
-0.395778364116095,-0.36960170184415,-0.2940102660314302,-0.17222678718159412,0.5456874466268147,-0.2727272727272727,-0.3985760686413622,0.1901408450704225,-0.06153846153846154,0
-0.2405063291139241,0.1602223025284617,-0.1945866686990736,0.02185575203655854,-0.20025031289111395,-0.08333333333333326,-0.5845279499826981,-0.17600000000000005,0.21671826625386992,0
-0.12158054711246202,0.054328334380089105,0.021387554390902785,-0.014413594295251131,0.4797768479776847,-0.25806451612903236,-0.3481958875882327,-0.048128342245989275,0.04577464788732388,0
-0.19191919191919193,0.3471175677131517,0.20588736716485756,0.32922962133930245,0.6239151398264224,-0.5,-0.09074077895183086,-0.18678815489749423,-0.26050420168067223,0
0.0347490347490349,-0.015090351314865358,0.1768568995722941,-0.054244452271926646,0.24568138195777367,0.1304347826086958,4.760920729979175,0.1466992665036675,-0.059479553903345694,1
0.09946236559274202,0.0952454595905381,-0.06068285774744031,0.2100239995534967,-0.41254915370148737,-0.1325301204819278,0.7832505614683114,-0.08173913043478254,0.06839562674904653,1
0.4732937685459939,0.11919850447991176,0.13645730200931117,0.23396381578947367,0.6153262518968132,0.25,-0.5638305297689676,-0.08378378378378382,0.2222222222222222,1
-0.2006369426751592,-0.014221622306613058,0.03949850231039975,-0.00048278081750874335,0.6128691983122363,0.17391304347826098,2.3116829077115124,0.5331230283911672,0.07931034482758625,1
-0.14463840399002503,-0.20481833575926478,0.022055777489575767,0.15250379362670707,0.19977298524404108,0.040000000000000036,0.1298593440098903,0.02972972972972987,0.2028985507246377,0
-0.04081632653061229,0.16451395715254868,-0.24932382008221998,0.3813942422079468,-0.24259520451339922,-0.206896551724138,-0.05570741986231187,-0.38673139158576053,0.07168458781362008,0
0.007299270072992803,0.04509509393182176,0.0423415476892941,0.32064281614692924,-0.03400416377515614,0.15384615384615374,-0.4016249365259169,0.0,0.04629629629629628,0
-0.017699115044247815,-0.053534938101484464,-0.021448657937013116,-0.0001359989120085503,-0.1620718462823726,-0.08000000000000007,-0.35689328236729967,-0.108108108108108,-0.15579710144927517,0
-0.22751322751322745,-0.24086772768060427,-0.23297795523085418,-0.3104502501389661,0.19709794437726713,-0.3030303030303031,-0.0036308259527912945,-0.1547911547911549,-0.3793103448275861,0
-0.1351351351351351,-0.23312060286046765,-0.06750594327183135,-0.3393009377664109,0.6871657754010696,-0.18518518518518512,2.3422952306894764,0.13054187192118216,-0.3453947368421053,0
-0.12790697674418605,-0.17104228904149255,-0.10893280692507301,-0.15529141104294475,0.038079470198675525,0.04761904761904767,0.27343921539925353,-0.14454976303317535,0.04123711340206193,0
0.019933554817275656,0.25064842988836333,0.2806850644733263,0.4868583162217659,0.46028513238289204,0.2857142857142858,-0.18439766208464115,0.27616279069767447,-0.0,0
-0.1282051282051282,0.17169044707223136,-0.005903840916279934,-0.05210237659963435,0.11743450767841002,0.03571428571428581,4.070690866868335,0.16407982261640797,0.03745318352059923,0
-0.2910216718266254,0.19121947290098884,-0.1408774038845474,-0.03050927012438398,0.10624493106244937,-0.14814814814814825,-0.1268604334196538,-0.21206225680933855,0.25897435897435905,0
0.23550724637681153,0.3635337740390747,0.27708421177371934,0.17067217423957937,0.8379254457050243,0.8666666666666665,1.919068071411965,0.4913043478260868,0.120253164556962,1
-0.03806228373702414,0.17664446907475684,0.021276641740871183,0.16725465041693388,-0.1942970822281168,0.23809523809523814,1.2134888807874589,0.2710997442455243,-0.13278008298755184,0
0.06691449814126393,0.3044118313497346,0.08899492394141362,0.05412426932236425,-0.08038869257950543,-0.1785714285714286,-0.5234730781723809,-0.07692307692307687,-0.014970059880239583,1
-0.22304439746218085,-0.10414985034932334,-0.10766444760336458,0.24402915073147846,0.1311329170383586,-0.2500000000009375,2.095877738775614,-0.14936102236353788,0.03433476394953405,1
0.27037037037037037,0.07909542883879195,0.2061703134391344,0.18896103896103877,-0.33589546502690226,0.3157894736842106,-0.6814215628247116,-0.1454545454545454,0.05421686746987964,1
-0.06148867313915851,0.02517025168344844,0.07483710620004036,0.39148219441770915,-0.025911708253358978,-0.4062500000000001,-0.6371519598840598,-0.2740585774058576,-0.20346320346320335,0
0.1018957345984619,0.02675424434758389,0.1481549219087166,0.05593290672117068,0.004549854789923424,-0.16974169741666778,-0.12702068454435156,-0.28153273017639,0.03544303797346271,1
-0.08450704225352113,-0.1460436358859749,-0.027503962117954917,-0.08239700374531844,0.24334975369458123,0.3571428571428572,0.3156796618552993,0.3857142857142857,0.039393939393939426,1
0.3527397260273972,0.4867871713770331,0.5557046111849508,0.3720973092517508,0.024439918533604832,-0.29032258064516125,-0.7036801116374006,0.2746478873239435,-0.270935960591133,0
-0.07739938080495345,-0.0168804500685229,-0.13740831295843525,-0.15302439728598238,-0.011363636363636354,-0.1428571428571428,-0.7052940771801612,-0.008571428571428452,-0.021126760563380254,0
0.1220472440944882,-0.05581553056572519,-0.062118151008635825,-0.1130268199233716,0.31477732793522284,-0.2222222222222222,1.8765173412027338,-0.10377358490566035,-0.15441176470588225,1
-0.0926517571884985,0.21811294044206386,0.07200168798508177,0.20981461286804803,1.083333333333333,-0.34285714285714286,0.7128872783320899,0.07109004739336489,-0.18656716417910446,1
0.15586419753240732,-0.009919220963553688,0.10173909907290368,0.025726039172960125,0.3097083794795128,-0.33333333333333337,2.6278372591006423,0.11267605633802824,-0.2887236679070633,0
-0.28620689655172415,-0.19350972641782127,-0.20627257504334295,-0.12904777172170567,-0.1614629794826048,0.0,2.18093964912611,-0.06601466992665028,0.23426573426573438,1
-0.08783783783783783,-0.20138730641704217,-0.11131494956103527,-0.3023057216054654,-0.03694779116465863,-0.06896551724137923,0.1955427642985228,-0.0481400437636762,0.010309278350515538,1
-0.004081632653061273,0.2128713240179685,-0.06264542901476677,-0.08117249154453221,0.2038022813688214,0.6315789473684212,5.762961980157151,-0.03764705882352948,-0.02491103202846978,1
-0.0034602076124566894,-6.415693541184098e-05,0.11713098988754767,0.06296296296296289,-0.09982486865148865,-0.06666666666666676,-0.31390966110582286,0.0714285714285714,-0.2255639097744362,0
-0.21739130434782605,-0.075330531070807,0.05144547147887124,-0.052504734033396505,0.04214559386973171,0.0,0.08174192740184516,0.3179012345679013,0.033333333333333326,1
-0.31511900770944035,0.010923213062736359,0.0006991249603607308,0.030226495030354794,0.30431688804538615,-0.2577319587621214,1.4717172138225085,-0.111711269335515,0.23604309500414888,0
-0.015479876160990558,-0.08272326904913141,0.061006565992815176,0.0020188425302827273,-0.079145728643216,-0.045454545454545525,4.126351083072308,-0.08430232558139528,-0.4675767918088738,0
-0.22142857142857142,-0.08121010706304377,-0.07874177384933856,-0.03620621802439983,0.4625144175317184,0.19999999999999996,2.520352546771926,-0.04026845637583898,0.31404958677685946,1
-0.03339041095890405,0.09517659943320234,0.01431185490045217,-0.1433238945763451,-0.0034246575342467,-0.08000000000000007,2.2326945888835508,-0.24075785582255083,-0.15332326283987907,1
0.12903225806451601,-0.01812376027933149,0.01797841357191521,-0.01918369163662259,1.3093829247675401,0.9333333333333333,1.0970818686696124,0.027146001467351244,0.12121212121212122,1
-0.28903654485049846,-0.19724549445882478,-0.024825269640217362,-0.21572066326530626,0.41785375118708457,-0.19999999999999996,-0.6314099044690897,0.4050991501416432,0.01572327044025157,0
0.3048635824448398,0.10560203759318476,0.1699224755331672,0.08644893281693178,-0.3177765129937392,0.015151515149999906,-0.4624528593167634,-0.052159739200489,0.11647727272727271,0
0.6262626262626263,0.35923393989450947,0.714085310419426,0.27114252061248534,0.5851955307262571,0.0,14.976345995307248,0.2857142857142858,-0.07333333333333347,1
-0.07547169811320764,-0.08606356733510612,0.09113715991176097,0.013295662290177868,0.24103139013452912,-0.15384615384615385,0.3831896256497287,0.16720257234726676,0.125,0
0.19834710743801653,-0.046921187855773594,-0.030208465340261115,0.037070524412296635,-0.12028869286287092,-0.13793103448275856,-0.8738345487760447,-0.2247474747474748,0.13503649635036497,1
0.018587360594795488,0.09542585462539344,0.14402443873590132,0.08849557522123885,0.32672112018669774,-0.11999999999999988,-0.7993859682802419,0.011286681715575675,0.11986301369863017,0
-0.23636363636363633,-0.012532435436680367,-0.11733293840115944,0.05501481168006772,-0.1658456486042693,-0.18518518518518512,1.0029165063927752,0.043933054393305415,-0.22222222222222232,0
-0.08661417322834641,-0.11467281196155044,-0.19300234057501287,-0.0750633651783974,-0.23809523809523814,-0.1724137931034483,0.7059667735164423,0.10752688172043001,0.08098591549295764,0
-0.05058365758754868,-0.16195150351288745,-0.20016718884394435,-0.379811930649427,0.13611615245009068,0.09090909090909083,-0.5779242785846024,0.09466019417475735,0.09846153846153849,1
0.6516853932557756,0.5386737849821421,0.41302434164068247,0.4701396692876303,-0.3106499847400387,-0.0921052631567002,-0.6848421624749064,-0.1011450381670812,-0.20871862615747516,1
0.030303030304195788,0.12505490918680695,0.019923611424609078,-0.05891862762708833,-0.12170320940610113,0.9743589743615386,0.5987401934897294,-0.024767801857585092,0.16718266253869962,0
-0.008695652173912993,0.15519590197311506,0.018163486344389135,0.39579055441478417,-0.27525942108137635,0.5263157894736843,20.73101444596885,-0.07531380753138062,-0.26363636363636367,0
-0.13487738419618533,0.025032264215539834,-0.04315738462837093,-0.0031176006314128646,-0.10286844708209686,-0.040000000000000036,2.1385041043682205,-0.0751789976133651,0.09999999999999998,0
-0.2705479452054794,-0.2277809092964781,-0.042316633043722574,-0.23595810005418105,0.17556029882604052,-0.21666666666666667,-0.8334425012906557,0.5190615835777124,-0.3146718146718146,0
-0.05668016194331982,0.18450721098348,0.008721855899096687,0.02179465349906362,-0.03200000000000003,0.8,-0.8921486268174474,0.30919220055710306,-0.003472222222222099,1
0.15987460815047028,0.06678980825799119,0.255481253658979,0.2571687840290382,-0.0276356192425794,-0.15999999999999992,-0.8448036096389069,-0.18446601941747576,0.21130952380952384,1
0.1716738197424892,0.423996401456159,0.16535414909795954,0.5030176899063477,-0.1822620016273393,-0.11999999999999988,-0.2036990147122104,-0.27318295739348364,0.062043795620437936,0
0.7356828193832599,0.04870898663052303,0.33709113755055564,0.12161906563268388,-0.252167060677699,-0.04166666666666674,-0.8222797435166568,-0.18930957683741645,-0.426056338028169,1
0.4212962962962963,0.4775994390994711,0.17578178725594973,0.2857459052678175,-0.3886666666666666,-0.17647058823529416,-0.6125655863850314,-0.3199233716475096,-0.059479553903345694,0
0.013513513513513375,-0.1227296745749411,-0.11276485658730362,-0.3336318280670335,0.24759405074365692,-0.08333333333333326,6.356550760633343,0.0934844192634563,0.15357142857142858,1
0.40342857142857147,0.22474509545964372,-0.02140087215454356,0.37617168228909725,-0.5290291104244592,0.37142857142857144,-0.41214130049161224,-0.13496932515337434,0.16666666666666674,1
-0.0072727272727272085,-0.08575684734400923,-0.036348635479901525,0.030527768195929728,0.003955696202531556,-0.3448275862068966,-0.521419624381069,-0.09406952965235182,-0.02684563758389258,0
-0.3904282115869018,-0.31187911186784434,-0.2972156855628214,-0.377892030848329,0.033639143730886945,-0.206896551724138,0.02938283101633865,0.4582132564841497,0.16768292682926822,1
0.29000000000000004,0.05045658747096371,0.2809691244832768,-0.060033285782215895,0.5663934426229509,-0.31666666666666676,-0.12039881120390505,0.3072916666666665,-0.4041666666666668,1
-0.04137931034482756,-0.04071812086072235,0.13550531380248465,0.05998107852412504,-0.13895486935866985,-0.09999999999999998,-0.6856187209731641,0.025078369905956244,-0.034782608695652195,0
-0.03703703703703709,-0.09903669368907686,-0.292468985034406,-0.5873687775143922,-0.17244525547445244,-0.15384615384615385,-0.7144413670935905,-0.13967611336032382,-0.037931034482758585,0
0.29861111111111094,-0.004886818083960298,-0.07630632704492302,-0.13979661016949152,-0.2648114901256733,-0.06896551724137923,1.028101350548964,-0.1873589164785553,-0.10989010989010994,0
-0.2298850574712643,-0.061828561559182926,-0.2151911929124125,0.08076298701298712,-0.5280575539568346,-0.2666666666666666,-0.29913519645318865,-0.14541832669322718,-0.042553191489361764,0
-0.08814589665653494,0.055362602596059185,-0.01182102817470132,0.1760803639120545,0.8833333333333333,0.21739130434782616,1.583962448660278,0.248081841432225,0.21021021021021014,0
-0.26105717367961156,-0.3253269524293668,-0.34823418983925847,-0.10276559454130119,-0.1379591836734695,0.1754385964894738,-0.22563960966805618,0.05012531328320802,0.17833800186834736,0
0.24878048780487805,0.195143624410403,0.21839716503879036,0.22488957173036273,0.21766561514195581,0.0714285714285714,-0.577749450518235,0.006928406466512715,0.14983713355048855,1
0.19327731092436973,0.17027071213700884,0.09490126488248762,-0.0484273589615577,-0.02372393961178998,0.04347826086956519,2.557056166544182,-0.064128256513026,-0.16296296296296298,0
0.02517985611510798,-0.25939504400166213,-0.11313948390965356,-0.24701046337817645,0.053291536050156685,-0.1923076923076923,-0.07165611101427027,-0.05924170616113744,-0.045454545454545414,0
-0.044303797468354444,0.09290115668574139,-0.04232946760732137,-0.13436563436563442,-0.12327506899724017,-0.09090909090909094,0.4836841265135794,0.024154589371980784,0.12903225806451624,0
-0.0710382513661203,-0.03950827832470727,0.08071765248566654,0.1423049045663205,-0.46174496644295304,0.0,-0.7820736668866592,0.012722646310432628,-0.5185185185185186,1
0.08253968253968269,-0.02203589235117831,-0.07124594873421086,-0.042745032559692864,-0.29224652087475156,0.19999999999999996,0.47487226920366465,0.019323671497584627,0.18604651162790697,0
0.023972602739726012,0.022754633236178323,-0.011525245581753052,0.12176449143273782,0.2362459546925566,-0.10256410256538462,2.751755289271672,0.05470085470000008,0.044303797468354444,1
-0.18831168831168832,0.17983382102019285,0.08190676424210563,0.2285768214420536,0.02854122621564481,-0.07407407407407418,-0.5658921143097859,-0.020202020202020332,0.03985507246376818,1
-0.3712871287128713,-0.14001267671293727,-0.24475507549481978,-0.08840864440078589,0.32073544433095,0.23076923076923084,-0.14613265105294238,0.2603406326034061,0.048048048048047964,1
-0.14507772020725396,0.07347325550423434,0.040180406336330465,-0.31791005978684694,0.43604651162790686,0.06896551724137945,0.2677289675751804,0.19469026548672552,0.25,0
-0.12931034482758608,0.2245855383293931,-0.19589299757258272,-0.026153030570772118,-0.21099116781158,0.0,0.8711301056083329,-0.39751552795031053,0.1868131868131867,1
0.1671924290220821,0.17542706056746526,0.1292791710246768,0.14042842570554215,-0.03430353430353428,0.12500000000000022,-0.0646168683551861,0.033678756476683835,-0.03472222222222232,0
0.3950617283950617,0.1375906166987757,0.04524607336075093,0.18687707641196005,-0.11267605633802824,-0.20833333333333337,-0.8053799315360413,-0.4446308724832214,0.03642384105960261,0
0.46590909090909105,0.3196435409128917,0.3670613494915571,0.33158606695975656,0.04653937947494047,0.44999999999999996,0.9396871943830063,-0.14047619047619042,0.11965811965811979,1
-0.16233766233766234,-0.2611632809744775,-0.12684202090322716,-0.27235338918507235,0.2017937219730941,-0.2592592592592593,1.5839321540761109,0.1842818428184283,-0.1777777777777778,0
0.2777777777777779,0.17508582176744403,0.3451303103398875,0.16246354434722954,-0.19932716568544995,0.10344827586206895,-0.10542843691148773,0.08029197080291972,-0.19806763285024154,0
-0.1437699680511182,0.09471616550125539,-0.020441269082933422,0.17570262919310964,0.017529215358931705,0.10526315789473695,0.35416250256015447,0.20435967302452318,0.09917355371900816,0
0.05058365758754868,0.3047257415327156,0.11308309931354188,-0.06655518394648818,0.7793983591613489,0.04166666666666674,-0.7591450129320003,0.2767295597484276,-0.15444015444015435,1
-0.1863013698630137,-0.2306843066389236,-0.034178003078095154,-0.0672365609074469,1.044359949302915,-0.04761904761904767,-0.8123182324055642,0.5170068027210886,0.016181229773462813,0
0.3755102040816327,-0.04700197447168386,0.019632219009432017,0.14991604701367245,0.3493377483443709,-0.12499999999999989,2.1468684572590777,-0.13216957605985047,-0.04177545691906004,1
-0.04207119741100318,0.02822293676773402,-0.03933275592981966,-0.15366264383946115,-0.2231800766283526,0.23809523809523814,1.299491201661957,-0.09020618556701032,0.0707692307692308,1
0.36086956521739144,0.20815794048954261,0.45446971955732507,0.024880729512032795,0.3088667058171135,0.1917808219194408,-0.6229526669558898,0.5357483317430547,-0.17361111111111094,1
-0.1333333333333333,0.19767681658178304,0.011856208903887167,0.07116382505559682,-0.23771676300578037,0.032258064516129004,10.011442594837527,0.08510638297872353,-0.04827586206896539,1
-0.21339950372208438,-0.1704412377590656,-0.2606556413162002,-0.38657407407407407,0.05845942228335632,-0.032258064516129115,-0.6024156656976583,-0.10675381263616557,0.15339233038348077,0
0.25486381322957197,0.2341832586119712,0.046412688173023575,-0.1281702898550725,-0.10273515677118084,0.3749999999999998,0.3782151786092631,0.016949152542373058,-0.04965753424657526,0
-0.05857740585774052,-0.16785133667649355,-0.22207688317458296,-0.23089222897345696,-0.21220764403879078,0.040000000000000036,-0.4516541190288499,-0.050997782705099914,0.14232209737827717,0
0.4655737704942058,0.4560589486076019,0.5339738957253997,0.7287521147170477,-0.04396887159570262,0.7894736842105263,0.22740584185987056,-0.024785510010462475,0.10567296996762432,1
-0.06793478260869568,-0.22562467222682747,-0.06725609137738708,-0.17074580844093268,-0.5386847195357833,-0.26086956521739124,-0.7493002621615471,-0.03857566765578646,0.1331658291457286,1
-0.05014749262536866,0.08159211531962507,-0.01861156891908189,0.2191639072847682,-0.08393285371702641,0.07407407407407396,-0.4611197352134636,-0.052757793764988126,0.1578947368421052,1
-0.07741935483870965,0.009849655946045699,0.216608715808994,0.29296131896005084,0.30935251798561136,0.18181818181818166,-0.41663669507342727,0.23529411764705888,-0.03832752613240431,0
0.14176245210727956,-0.17003229708833822,0.08119971011183535,-0.23618163354127375,0.40406091370558395,0.0,-0.8628794983212948,0.10989010989010994,-0.09364548494983294,0
0.021671826625387025,0.09017474528570157,0.13510994628362916,0.3314436120672202,-0.2525309336332958,0.03571428571428581,1.5666111160944012,-0.052631578947368474,0.04034582132564857,0
-0.17032967032967028,-0.12749970760609386,-0.23989348398581745,0.11330847787323717,-0.03180212014134287,0.25,-0.5752696876619051,-0.23732718894009208,0.17682926829268286,0
0.4589371980676329,-0.06720293902037777,0.23796833028867548,-0.09299461123941488,-0.04014336917562722,-0.03846153846153855,4.507531683660564,-0.04054054054054046,0.16356877323420072,0
-0.3418803418803419,0.00405228906163968,-0.20205365179651524,-0.10616371767450894,-0.2763448784082534,-0.08000000000000007,1.2196160004379184,-0.29772727272727273,0.14569536423841056,0
0.3024193548387095,0.03440492810893536,0.11397867878031653,0.041983987502441034,0.8401323042998898,-0.29999999999999993,-0.3667998317914214,-0.25680933852140075,-0.13779527559055116,1
0.1020408163265305,-0.2040473946319994,0.0676122266674053,-0.0856835306781486,-0.15596330275229364,-0.13043478260869557,2.034397980058608,-0.2477064220183487,-0.1272727272727272,1
-0.21944444444444444,-0.015263430732874395,-0.07773582026929104,-0.02538247566063978,-0.153448275862069,-0.16666666666666663,-0.04405144138483619,0.09041095890410955,0.05743243243243257,1
-0.3263157894736842,-0.14886529153314387,-0.1879040354710776,0.06794195250659629,-0.06264501160092817,-0.3939393939393939,1.175996519041223,-0.09625668449197866,-0.2823529411764707,0
0.17582417582417587,0.008279005656594896,0.17230547905061422,0.18624703599913772,0.2610483042137719,-0.10344827586206895,-0.707036152774698,0.16873449131513651,0.12096774193548387,1
0.031746031746031855,-0.007281633698309031,0.060606805335239766,-0.0027243589743590757,-0.0922256097560975,0.12500000000000022,0.10169483606825436,0.1465116279069767,-0.017094017094017033,0
-0.08599290780053204,-0.2225063480248407,0.10075474895707548,-0.234134719514295,0.07958371595041314,0.05333333333200008,0.8197501745136382,0.18899521531100483,-0.1826809015409252,0
-0.05109489051094884,-0.23785757121984807,-0.046984727918580105,-0.04360409029519574,-0.2571649883810998,-0.25,-0.7182667597557896,0.0022321428571427937,-0.08284023668639073,0
0.050473186119873725,0.044818547272321485,0.039877227816759175,0.23819591261451745,-0.26123936816524906,0.0,0.4537255411219143,-0.16952789699570814,0.047945205479452024,0
-0.11698113207547178,-0.23238929887321347,-0.2656948327467684,-0.10439262472885036,0.2634146341463415,-0.20833333333333337,0.8000881276872269,0.04143646408839774,-0.018808777429467183,0
-0.14035087719298245,0.146874017810108,-0.24977152457671292,0.01989467524868327,0.21167883211678817,-0.25806451612903236,0.8056248899423368,-0.11834319526627213,-0.0769230769230771,0
0.02669902912621347,0.08143213053458997,-0.0940042107438549,0.32516911593188724,-0.5889183808891838,0.19999999999999996,-0.7009420246559519,-0.2720430107526881,0.1436170212765958,0
0.1710914454277288,0.0922348478274917,0.15536589651766608,0.09695376526983135,-0.16897959183673472,-0.11538461538461553,1.5717982337074239,-0.2112068965517241,-0.1415384615384616,0
-0.01388888888888895,-0.11671407891826335,0.1268905793441173,0.08681522748375103,-0.08594539939332657,0.368421052631579,0.426774892502529,0.19314641744548267,-0.20740740740740748,1
0.06948640483383683,-0.040981407023335525,0.17545726211199897,0.09705200397482616,-0.11987041036717061,0.0,-0.2714885408034343,0.1266490765171504,-0.056426332288401326,0
0.05893446487458753,0.24761594498737383,0.11489932260609637,-0.1862809804508524,0.1642036124808428,-0.09316770186521739,-0.24939050894865156,-0.1590836780155902,-0.005194805193939445,0
0.5314960629921259,0.3807409268668318,0.5337977742204956,0.5538026842477042,-0.38520213577421814,-0.045454545454545525,0.07693559917048276,-0.29574468085106376,-0.09427609427609429,1
0.1923076923076923,0.0010366198677369542,0.07718642244459417,0.11959070560648044,0.15347556779077753,-0.3030303030303031,-0.8476420831644016,-0.08230452674897115,-0.6716417910447761,0
0.043656207368408806,0.31280237672901023,-0.026134347804377955,0.008942129239075447,-0.02304147465437789,-0.05263157894736836,-0.6043993538745929,0.24239130434647582,0.0110552763829036,1
-0.03394255874673624,0.23588035354974846,0.20559306702981783,0.1673592746505479,-0.2565982404692082,-0.13793103448275856,0.25704003805840747,-0.04166666666666663,-0.30833333333333335,0
-0.191358024691358,0.038899684473849394,-0.06492399076919897,-0.14779027403769995,-0.2886345053147996,0.0869565217391306,-0.04838743433582382,0.26415094339622636,-0.2152317880794703,0
0.015620306397097439,-0.10560774950666973,-0.13863512054194016,-0.025737179931582976,0.04262506031831381,-0.08486238532089097,-0.006985011529592633,-0.18140612409363788,0.20311220311187672,0
-0.20426829268292668,0.10990846589195113,-0.11809440472958033,0.11730697500932474,-0.2940771349862258,0.12500000000000022,-0.9370232575439462,-0.18075117370892024,0.1875,1
-0.15100671140939592,-0.11359623874144964,-0.03704097253279115,-0.1921630094043888,-0.1439476553980371,-0.2592592592592593,-0.7660101116494629,0.22916666666666652,-0.38655462184873945,0
0.16942148760330578,0.28507091491819136,0.21933767780653723,0.29317359855334546,-0.023049645390070927,-0.03703703703703709,-0.5197447751912834,-0.19660194174757284,-0.31979695431472077,0
0.4258188824662814,0.22901136478207063,0.3908899933037513,0.17073623618976885,-0.12801013941698347,0.18681318681318704,2.842458597740288,0.4135802469135803,-0.17359413202933993,1
0.09798270893371752,0.04986389336598762,0.3541413846041377,0.2930775018811136,0.25781990521327014,0.1923076923076923,-0.5380153831693715,-0.027848101265822822,-0.19409282700421948,0
-0.21498371335504884,-0.010432073896377014,-0.13895101874295035,0.17212202182142056,0.04099821746880572,-0.3448275862068966,-0.46471699144896506,0.02872062663185382,0.04104477611940305,0
0.6407766990291259,0.2734294146866063,0.2662528371024637,0.20827320827320817,-0.2844765342960289,0.1578947368421053,1.2345776690882064,-0.0840163934426228,-0.1200000000000001,0
-0.1179775280898877,-0.10112060344266283,-0.16894375857338828,-0.29119924158634847,-0.3457943925233645,-0.14814814814814825,-0.7763980094397702,-0.2588495575221239,0.20744680851063835,1
-0.11870503597122306,0.020033692485124766,-0.0852281380978126,0.08141664970486451,-0.09029779058597498,-0.3846153846153846,0.09535011131209137,-0.1098130841121494,-0.2996108949416343,1
-0.24390243902439024,-0.10447462876347435,-0.184001391905398,-0.09359837220222256,0.030191458026509466,0.21739130434782616,0.27640889098103827,0.22807017543859653,0.14156626506024106,1
0.003676470588235281,-0.09136096433204688,-0.22046453462593152,-0.20477515746301456,-0.5160550458715596,0.07407407407407396,2.1490981930752486,-0.19569892473118278,0.1948881789137381,1
0.101123595505618,0.16953245060896283,0.1543975200912564,-0.19058866279069764,-0.26028481012658233,0.38095238095238093,-0.45078634906875137,0.24528301886792447,0.020231213872832443,1
-0.2128732066701673,-0.15227223539147194,-0.1110859096760406,-0.21246888393899144,0.3893431068489015,-0.12994350282436706,0.4153576997679991,0.07431838170671701,-0.3468033775641415,1
0.015936254980079667,0.036591170370967374,0.12207225257359577,0.4211090275917493,-0.4428871758934828,0.15999999999999992,0.9129718690295803,-0.09903381642512077,-0.05067567567567566,1
-0.17600000000000005,0.1960097082484411,0.07221689339219184,-0.13612479474548433,0.8662576687116563,0.40909090909090895,0.27107482961027607,0.549520766773163,0.15064102564102566,1
-0.5090361445783133,-0.17991161715684056,-0.3678322566773843,-0.08167570825798676,-0.2856000000000001,-0.09090909090909094,0.6161514669648942,-0.10327455919395467,0.31976744186046513,0
-0.12389380530973448,-0.1612215748221647,-0.03296027666018342,-0.09633230225364553,0.06687898089171984,-0.2142857142857142,-0.5091115406197394,-0.06570841889117052,-0.12969283276450505,0
0.24918032786885247,-0.13067094998347417,0.07435464456527896,-0.06759167492566898,0.05344418052256539,0.2727272727272725,0.815205068983522,0.1326530612244896,0.21148036253776437,1
0.06624605678233442,-0.030467263873884654,0.1800868973590608,-0.11433580054538373,0.09612141652613837,0.10000000000000009,-0.7932777170355187,0.20277777777777772,-0.2484276729559749,0
-0.11627906976744184,-0.10711898715972978,-0.01591594562998644,0.05402734310657209,0.12993039443155463,0.0,-0.4923029556650246,0.13953488372093026,0.21383647798742145,1
0.23928571428571432,-0.02345397247863923,0.11266123676418838,-0.052593266606005384,-0.3176691729323309,0.0,0.49434849018916704,0.09950248756218905,-0.04983388704318936,1
-0.11953352769679293,-0.0059706692700601804,-0.24353128129000767,0.16987879992052446,-0.16642754662840742,-0.10344827586206895,0.06487675508784618,-0.25847457627118653,0.22916666666666674,1
0.00694444444444442,0.15043801233959653,0.07889023389738359,0.21077654516640254,-0.43981170141223935,0.05263157894736836,-0.4764498306630681,-0.3009345794392524,-0.10130718954248374,0
0.4422310756972112,0.20990851204874894,0.06651359249527267,-0.14444960520204364,-0.25115562403698,-0.17391304347826086,0.6751538271432826,0.17732558139534893,-0.14448669201520925,0
0.9725274725274726,0.23391242302809512,0.49165549521710483,0.07475149105367795,-0.5034662045060658,0.36363636363636354,0.4538941769879494,0.031602708803611934,-0.22297297297297303,1
0.025078369905956244,0.12870792100440132,0.05075195792031839,-0.06581933726736267,0.7012195121951219,0.18181818181818166,10.178994192146837,0.2797927461139895,-0.03459119496855334,1
-0.12852664576802497,-0.05743599797257637,-0.11239213443455731,-0.00047378395451680433,-0.10600706713780916,-0.034482758620689724,2.1463455391099573,0.16859122401847593,-0.14652014652014644,0
0.0780669144981414,-0.18716979697949188,-0.09060041876520863,-0.28562874251497006,0.3726315789473684,0.0,-0.5977574774118026,0.04878048780487809,-0.043887147335423204,1
-0.1291469194302478,0.055177281218381946,-0.048616968350563394,0.2505304748655517,-0.26480930483977505,0.061538461536828404,-0.6266881767411117,-0.25,-0.13863636363765752,0
0.02430555555555558,0.15038597622425431,0.10955063380804275,0.08293793888783463,0.3309352517985611,-0.1333333333333333,5.406208230465618,0.08493150684931505,-0.1195219123505975,0
-0.04899135446685887,-0.04996498169908892,-0.17993903740183015,-0.09289026275115919,-0.15970287836583108,0.08000000000000007,3.424944945993083,-0.2086330935251799,0.08391608391608396,0
-0.2705479452054794,-0.0215326138595201,-0.05020553645462067,-0.19504396482813746,0.27486033519553077,0.3235294117627596,3.737048411864544,0.1309977151552697,0.09783728115437917,1
-0.3152709359605912,-0.17728392897304734,-0.22628203588072027,-0.024542992552471277,-0.05083260297984227,0.03333333333333344,-0.07958243569035717,0.03333333333333344,0.293103448275862,1
0.09365558912386707,-0.13125862496832807,-0.09205845274800539,-0.336872940314903,0.16384180790960445,0.040000000000000036,3.885473956648334,0.21122994652406413,-0.2857142857142856,1
-0.030927835051546504,0.17677012127396363,-0.07793959815429041,-0.027604383409626787,-0.2807017543859649,-0.15384615384615385,2.138017747827804,-0.1809954751131222,-0.28125,1
0.1045296167247387,0.024680241805914216,0.12490160062975608,0.1634349030470914,-0.09592145015105746,-0.3939393939393939,-0.0353652282066349,-0.2041666666666666,0.010204081632652962,0
0.2798634812286689,0.12375484067623699,0.06954257015093712,0.009153318077803396,0.17208413001912048,-0.07407407407407418,0.25840563645861203,-0.21621621621621612,-0.13725490196078427,0
0.021341463414634276,-0.0655298460670255,-0.23037729917002814,-0.25634322620329075,-0.08074074074074078,0.03571428571428581,-0.3859282082164188,-0.19767441860465118,0.21405750798722045,1
0.281021897810219,-0.03038488038307552,0.02639188917974633,0.24934839270199816,-0.012100259291270565,0.09090909090909083,-0.6870658454198427,-0.050761421319796995,0.0197740112994349,1
0.4545454545454546,0.2954892639680424,0.5287117345845957,0.06487009843472635,0.6859688195991092,0.4285714285714286,0.812361219468283,0.4086378737541527,-0.02768166089965396,1
0.045751633986928164,-0.017095055968702977,0.05381185580507686,-0.05462930117062781,-0.5134408602150538,-0.32352941176470595,-0.8711857580384851,-0.18295218295218307,-0.34959349593495936,1
-0.46601941747572817,-0.3208836658195049,-0.28556989096982266,-0.20619413843275836,0.31793960923623454,0.12500000000000022,-0.8843639376976121,0.40909090909090917,0.18237082066869303,1
0.1578947368421053,0.37827849966618987,0.24134846140577193,0.23594880356149117,-0.12058978409689314,-0.23076923076923084,-0.2849020673404056,-0.1235955056179775,-0.143824027072758,0
0.1264822134387351,0.0016721467002707158,-0.05517365752233039,0.08268777366116553,-0.2972671500278863,-0.1071428571428571,0.45657044304573335,-0.34758364312267653,0.10394265232974909,1
-0.24397590361445787,-0.03377402754875802,-0.29271538363899163,-0.22665006226650053,-0.09118311981914085,-0.1071428571428571,-0.23638582052245238,-0.12244897959183676,-0.010067114093959662,1
0.06137184115523464,-0.1376062391750782,-0.04018319910168455,-0.1147721898155446,-0.24517906336088158,0.04347826086956519,0.4643754383161558,-0.05013192612137196,-0.016077170418006492,1
-0.18652849740932653,-0.03988031919880297,-0.1264890791013733,-0.14138215859030823,0.3291666666666666,-0.09677419354838723,-0.3775419885996901,0.02257336343115135,-0.0034965034965033226,0
0.19672131147540983,0.14436641439349862,0.3105500851049303,0.17098821396192188,0.0898876404494382,0.03703703703703698,-0.3367812100569638,-0.11932418162618796,0.13607594936708867,1
-0.03529411764705881,0.06621934001131313,-0.14999228997074798,-0.23064838617537842,0.17219730941704037,0.19047619047619047,-0.9109856187053795,0.10224438902743138,-0.2374100719424459,0
-0.24,-0.021198373946578197,-0.1816348798450792,-0.19999999999999996,-0.26096491228070173,0.03846153846153855,-0.6547865144629041,-0.24042553191489358,0.010600706713780994,0
0.33187772925764203,0.12034866195169891,0.28619248759896165,-0.0580607702728857,0.0928689883913767,0.21739130434782616,-0.5800793275106197,0.09576837416481077,-0.4956896551724139,1
0.17985611510791344,0.1235830297023992,0.03893741861075073,-0.04761904761904767,-0.2612540192926045,-0.2499999999999999,1.6196173139038148,-0.2035225048923679,-0.1490066225165565,0
