42.0,32.5,36.7,501916.1,99215.7,462.5,75.9,2.4,288823,39.5,32.5,30.6,494229.4,91212.7,481.5,76.5,2.5,98363,1
40.9,28.0,29.5,626503.1,82699.3,651.4,112.4,2.4,131629,38.0,27.2,35.6,586262.7,94204.1,547.5,130.0,3.2,295722,0
50.2,28.7,26.2,526851.0,87384.2,624.6,119.4,2.8,156161,46.2,26.2,29.0,475433.9,94442.6,555.0,93.7,3.4,403910,1
36.0,30.5,24.7,593873.7,81399.1,636.8,113.3,2.5,610738,45.4,30.6,33.6,605993.6,98479.2,655.2,118.4,3.1,139608,1
39.5,30.7,37.4,634420.5,106926.0,499.8,155.0,2.7,754761,43.1,23.1,30.9,525039.8,84143.2,704.2,139.3,3.1,1784059,0
45.6,26.5,30.9,511252.6,86236.4,540.4,177.6,2.5,316549,52.8,33.5,31.3,541080.7,98454.9,562.5,119.5,2.4,163727,0
38.7,27.7,32.1,645604.6,90019.7,673.0,132.6,2.4,1425283,37.9222222222,25.9,37.9222222222,586244.222222,91040.9222222,633.577777778,99.5444444444,2.84444444444,255865,1
37.2,26.7,33.4,648974.9,88796.1,582.2,128.2,2.2,137280,49.1,29.2,34.7,599442.2,97888.2,628.8,110.5,2.7,259661,1
37.8,35.3,33.8,541666.5,91050.9,672.4,106.1,1.9,384738,53.8,39.6,27.0,498100.2,79038.5,448.2,152.7,2.6,279725,1
43.6,32.5,32.0,617631.2,96039.2,596.3,93.3,2.4,258453,45.25,32.3,24.7,560526.65,81894.4,603.8,108.9,1.65,311500,1
42.3,29.7,39.8,618001.2,108755.7,799.7,103.0,3.1,474338,57.5,30.6,33.6,618280.1,111052.3,705.2,125.1,3.1,239734,1
47.7,34.2,27.8,559981.6,98354.9,540.3,75.7,2.8,153977,43.5,36.7,40.7,658329.2,112732.0,600.0,88.5,2.3,950437,0
43.2,24.5,33.0,613916.2,95124.7,723.9,103.9,2.4,605830,41.3,27.8,41.1,719052.2,107437.3,631.3,123.8,1.9,167398,1
41.0,29.9,30.2,543227.4,86675.8,547.9,134.6,2.7,370013,41.5,29.3,34.0,591870.0,93294.6,615.4,103.1,2.1,1428410,0
43.3,28.9,28.3,517659.5,78297.6,514.4,91.6,2.6,201457,34.0,27.5,33.7,673184.2,92452.6,742.0,99.3,2.4,79793,1
51.3,28.3,29.1,523681.1,81832.6,552.1,145.6,2.6,90140,38.4,25.5,25.2,546299.6,68897.9,512.1,87.9,2.2,320016,1
48.2,26.5,27.6,498971.3,72918.1,525.0,121.9,3.4,260201,39.2,26.7,27.9,671903.3,90640.7,704.9,109.2,2.1,146486,0
33.1,34.3,31.5,630534.7,93013.8,800.3,97.4,1.9,625605,44.1,31.0,30.7,571544.7,88651.7,612.8,128.3,2.2,231049,0
38.2,36.2,32.1,602869.0,103396.1,656.6,65.5,2.5,77669,40.3,26.7,31.3,534252.4,82223.4,635.0,85.1,2.0,721456,1
43.6,33.6,28.4,453176.6,78204.1,474.7,140.2,2.2,130129,32.3,29.0,29.4,495306.3,79023.0,551.8,84.6,2.4,368017,0
42.3333333333,30.9333333333,32.9333333333,518344.966667,82554.2333333,559.366666667,77.9666666667,2.0,585861,41.1,34.6,37.5,610405.4,103228.2,696.3,105.9,2.3,215046,1
42.7,27.1,29.4,507942.3,94258.9,594.9,115.9,2.7,365603,35.4,24.7,23.7,425413.1,60608.5,464.3,130.0,3.0,157458,1
40.5,30.1,23.3,592586.2,78847.6,611.5,133.1,2.6,700069,44.4,31.7,24.2,474325.7,77134.0,566.6,146.5,2.2,289212,1
48.8,26.5,28.1,501625.7,78194.6,568.5,132.7,2.4,318970,45.7,30.4,21.4,481831.1,70926.4,507.4,120.8,2.2,414819,1
35.1,30.2,25.0,568339.2,82117.4,662.4,101.3,2.3,194154,41.4,33.4,28.7,613120.1,86080.8,603.8,125.5,2.2,340612,1
45.4,28.0,24.1,492882.0,72446.8,655.8,135.2,3.2,190521,45.1,30.9,26.2,546993.2,84168.2,705.6,143.5,2.9,580365,0
37.3,28.2,26.7,496803.4,82929.7,518.9,90.4,2.2,301139,43.5,23.4,32.0,555967.1,87860.8,496.6,121.2,2.6,170823,0
38.9,35.0,34.5,667880.2,100331.3,613.0,85.9,2.4,366437,38.4,33.5,32.3,642826.0,87149.2,546.2,95.8,2.0,759628,0
40.9,35.5,28.6,513505.4,92987.6,532.6,114.5,2.5,406896,38.7,36.0,29.0,614866.1,84609.3,639.8,101.2,2.6,743732,0
40.7,31.6,30.5,570294.2,90970.5,758.8,110.1,2.5,202843,49.7,25.5,29.6,585609.5,84820.1,677.4,138.6,2.9,227298,0
44.6666666667,27.0,34.4333333333,566434.633333,84724.9,443.766666667,117.933333333,3.0,155426,40.8,28.5,22.5,496660.5,77017.2,501.6,90.6,1.9,135849,0
45.3,34.5,27.75,555277.2,92499.5,573.9,117.05,2.4,152303,42.3,32.7,30.6,584872.0,85288.3,730.6,116.6,2.5,246611,0
49.7,26.4,21.4,474062.2,76844.9,486.2,117.5,3.0,189895,44.1,35.1,31.2,548948.6,98621.6,760.2,91.4,2.5,960153,0
42.8,32.4,21.7,465454.8,58087.7,357.7,96.4,2.7,265448,42.4,24.6,31.4,573021.3,88756.6,568.6,126.9,3.1,308628,0
28.1,33.0,41.5,726234.4,97396.6,725.5,58.0,2.2,331197,40.3,28.7,31.1,461393.2,90687.0,422.8,97.4,2.8,453143,0
33.5,29.0,33.0,615763.3,86829.1,491.3,119.2,2.0,771889,35.7,25.8,35.8,599432.5,105031.5,743.7,83.6,3.0,301629,1
49.2,33.8,28.9,441489.3,85125.8,449.4,140.6,2.7,319221,37.0,33.9,25.8,501909.1,81934.1,471.9,124.0,1.5,642503,0
42.7,28.0,29.0,549203.3,81641.6,558.9,194.3,2.8,1343217,45.4,30.2,23.0,455029.3,70344.7,487.2,154.6,2.5,3986550,0
41.5,32.1,25.8,552797.6,79151.6,527.7,115.9,2.4,154971,43.4,26.2,29.9,560028.6,80432.0,548.5,120.6,2.6,157235,0
49.5,30.4,22.6,326912.2,71042.7,305.4,136.0,2.4,316699,37.3,35.1,34.9,555425.4,96778.1,622.5,93.4,2.9,152833,0
41.1,35.4,28.2,570868.6,84915.0,593.0,100.2,2.2,929652,42.0,30.2,26.4,552911.9,87182.9,692.4,88.8,2.5,192084,0
38.7428571429,32.1,34.6428571429,531592.042857,77935.4142857,660.228571429,75.6857142857,2.57142857143,83971,45.4,25.1,26.2,477024.3,74215.2,547.6,139.9,2.0,255767,0
47.2,31.3,21.8,420970.9,68436.2,371.7,88.6,2.0,266479,37.6,27.8,28.7,658608.8,87033.7,734.3,91.0,2.7,163671,0
40.0,29.4,31.5,512137.2,83495.2,570.7,150.5,2.6,1015741,42.7333333333,24.3,37.0333333333,628171.366667,100822.2,628.166666667,97.2333333333,2.96666666667,950987,1
38.6,26.7,36.3,610141.8,95766.4,567.2,121.0,3.3,819865,40.9,32.3,36.4,567788.0,95025.8,577.5,91.6,2.5,119801,1
45.3,32.2,29.8,540404.9,83830.9,500.5,150.6,2.5,599976,53.2,29.6,27.1,492699.8,86432.9,636.8,166.3,3.0,1166590,1
45.1,32.5333333333,29.1,488215.6,72839.5,410.766666667,84.1,2.56666666667,131568,45.5,24.4,30.1,497462.4,81338.3,456.6,92.5,2.5,95369,0
44.1,28.1,27.8,572073.9,79901.1,647.4,194.1,2.2,427133,36.4,29.5,27.5,672294.1,88676.3,607.4,122.9,2.6,90586,0
43.2,25.4,28.3,470135.1,71675.5,487.4,164.4,2.7,285332,44.7,28.3,36.9,696071.1,111243.4,770.0,98.8,3.0,107092,1
39.1,30.7,24.2,500998.8,69918.1,444.6,122.2,2.8,1102266,40.2,33.7,30.3,614840.0,87933.2,728.7,119.9,2.2,147606,1
42.8,34.3,33.2,568169.2,85229.3,524.0,87.1,2.2,569026,39.6888888889,39.1777777778,34.2555555556,656389.633333,86231.5888889,488.377777778,71.5555555556,2.24444444444,147061,1
36.6,28.1,26.2,498531.5,72549.3,474.6,90.9,2.2,215666,44.2,32.5,24.1,493971.2,84936.0,522.9,125.1,2.1,563500,1
48.3,38.1,32.7,568916.0,93730.7,429.5,100.7,2.5,375008,42.8,30.6,30.1,503549.9,89981.0,503.9,76.6,2.0,201646,0
31.8,25.3,32.0,665931.0,93573.7,829.7,107.9,3.3,349732,46.7,29.6,28.3,513936.3,88761.2,643.8,156.2,2.5,1990753,1
31.6,28.5,37.8,616649.4,94511.9,676.9,101.9,2.5,333110,35.4,29.0,25.5,561700.8,83957.4,607.1,92.4,2.3,1562844,1
31.6,36.7,27.8,515302.3,84913.4,619.5,72.9,1.6,588476,41.6,36.9,20.6,518354.4,78758.3,513.5,107.1,1.7,94506,0
45.3,31.3,19.0,414928.8,62441.6,447.5,130.8,1.8,161807,55.3,33.8,26.9,506374.0,87455.0,475.9,105.7,2.6,475999,0
53.2,30.2,34.3,619636.4,112684.5,653.0,158.7,2.9,945266,35.4,26.9,29.1,497146.9,82505.0,659.2,127.1,3.0,334056,1
41.9285714286,30.5428571429,20.8428571429,456740.428571,79232.3285714,408.171428571,112.371428571,1.9,150178,42.5,33.0,20.9,504089.8,64859.9,424.9,108.8,2.4,170649,1
31.8,26.1,34.9,649773.4,87670.6,655.5,97.1,3.1,182957,33.1571428571,28.775,25.0785714286,448937.189286,75568.125,573.396428571,68.9285714286,1.74285714286,204295,0
50.9,28.7,25.1,505215.0,73608.4,590.6,100.7,1.9,194143,41.9,37.4,34.9,671597.8,106098.3,654.0,106.4,3.0,221887,0
38.7,29.1,37.0,711565.0,104627.7,709.2,99.5,2.5,115978,37.6,35.3,26.7,551149.1,82637.2,583.1,76.0,2.4,137074,0
38.55,26.0,20.15,467982.65,65471.65,496.45,118.45,2.2,109291,44.4,25.4,27.3,468361.1,84143.3,612.0,150.7,3.0,322454,1
47.7,26.6,22.6,472626.6,72846.1,603.5,128.9,2.2,848091,40.3,26.9,25.7,500011.8,70801.0,522.9,155.9,2.6,115563,1
55.0,28.2,23.8,333643.3,66148.5,429.1,171.5,2.4,302083,46.2,31.5,25.3,548041.0,79919.7,547.5,163.3,2.6,493684,0
34.5,32.0,36.0,586536.9,91120.5,611.6,71.9,3.0,281563,37.6,26.7,24.4,548310.9,80283.3,495.7,94.5,2.9,842257,0
53.5,27.3,31.9,675780.5,97184.5,736.6,155.0,3.7,817607,34.3,26.1,28.4,556951.9,79410.2,628.8,103.0,2.8,221224,1
35.0,27.2,32.8,684322.9,75922.2,581.3,99.1,2.2,224077,45.1,28.4,31.5,567585.3,85000.1,498.7,120.2,2.6,131682,1
40.6,34.9,26.3,607892.0,98487.0,739.5,125.2,1.9,172377,39.5,30.9,33.7,683880.2,91625.1,624.1,112.2,2.4,87891,0
41.5285714286,26.9714285714,27.0142857143,490261.6,72588.5285714,539.871428571,113.571428571,3.15714285714,138492,38.6,29.0,26.3,535714.8,71861.5,571.9,104.0,2.1,412220,0
41.2,29.4,29.0,513674.2,95703.9,716.7,133.1,2.4,815767,52.4,41.2,32.0,577385.0,119843.2,515.0,125.1,1.9,71650,1
30.5,35.0,34.2,622729.2,94775.0,578.5,115.8,2.1,302533,46.8,29.8,31.2,534510.3,102250.8,539.8,136.4,2.3,178314,0
44.9,40.2,26.3,506942.9,89701.4,564.9,150.7,1.7,356390,39.3,24.5,19.8,374843.3,58770.2,354.6,142.1,2.5,144554,0
35.3666666667,25.5333333333,22.0,493485.566667,72116.3333333,516.766666667,118.033333333,2.4,554850,39.7,29.3,28.9,533446.5,76587.5,596.1,90.3,2.4,101488,0
46.5,26.2,29.7,543358.2,93717.9,530.4,94.9,2.8,257755,33.1,32.0,17.1,518654.0,58098.7,536.6,99.1,2.0,253136,1
34.5,29.3,31.6,537625.1,78760.7,487.8,85.0,2.3,318579,48.4,31.5,32.9,497929.2,83231.2,434.2,82.9,2.9,143251,0
31.3,26.8,34.6,577056.8,95570.2,668.1,75.9,3.0,774003,42.5,36.8,35.1,605252.5,89309.2,453.5,91.9,2.6,272455,0
34.2,32.6,36.5,629259.6,105924.7,750.2,106.1,2.1,47562,44.7,27.8,28.4,603398.0,102979.7,752.0,102.9,2.6,129368,1
47.9,24.7,35.8,448825.6,104363.3,530.9,71.5,2.3,582499,42.5,27.7,37.0,520409.5,102378.2,521.6,64.9,2.9,143717,0
39.2,32.0,37.0,607561.5,103398.2,623.5,102.3,2.8,81250,46.2,34.5,21.2,419639.5,66131.2,403.4,133.0,2.3,90343,1
46.1,25.6,18.2,376233.0,57277.7,367.9,122.1,2.2,96748,38.4,30.9,37.8,620393.8,102274.7,674.9,83.9,2.7,71750,1
50.2,28.5,31.1,497237.7,83585.6,500.9,90.3,2.8,519416,45.7,27.1,24.1,430532.4,77383.9,478.4,125.2,2.8,102436,0
44.1,31.3,28.9,555168.4,89194.5,571.4,88.6,2.4,399800,37.7,33.2,31.1,625481.3,84474.3,639.5,116.0,1.8,260883,1
48.5,33.5,39.7,588229.5,112141.2,512.9,86.0,2.4,518914,42.1,33.7,29.2,569700.8,83206.5,549.8,93.0,2.0,204576,1
54.4,27.1,23.9,500179.8,74475.5,467.4,122.6,3.1,207945,30.5,20.4,36.0,630808.9,86133.8,689.2,106.4,2.8,225769,0
41.3,34.0,37.4,590857.6,101703.9,613.7,126.3,1.8,1883118,35.8,31.0,26.2,603937.0,86782.9,609.3,89.3,2.3,144016,0
39.0,29.1,36.8,683463.5,100002.9,583.8,104.7,2.6,249553,38.4,26.3,37.2,592086.8,99352.9,518.0,105.7,3.1,184528,0
40.45,29.7,34.6,491595.35,84749.8,467.45,98.45,3.0,120027,44.2,33.1,26.3,554882.3,93403.9,526.5,103.1,2.3,644717,0
48.8,27.4,21.3,452640.0,64791.0,403.9,138.5,2.0,236878,39.9,18.9,21.0,389891.5,67175.7,558.3,133.6,3.2,199402,0
39.7,30.2,28.5,529495.3,87343.9,609.3,115.6,2.0,433271,37.3,24.5,33.7,617426.1,80616.1,592.8,94.0,2.8,142720,0
37.1,31.0,28.0,543189.8,84150.1,525.4,95.4,2.0,39923,43.8,34.0,35.7,660589.8,102106.7,593.0,96.3,2.6,307160,0
34.9,29.4,28.5,636553.6,86457.0,652.2,81.1,1.8,256178,37.9,32.0,39.0,650911.8,105767.1,674.9,98.6,2.4,73986,0
42.4,24.1,22.9,457773.8,71800.7,528.6,136.1,2.6,679994,44.2,27.2,27.7,612104.0,86875.9,674.5,110.2,3.0,361174,0
43.8,37.1,32.5,603294.6,101506.0,684.1,81.5,2.3,81875,40.0,37.7,33.8,681429.9,90680.5,500.3,113.8,2.2,66364,1
50.5,25.7,25.6,477530.5,79375.2,534.9,116.4,3.0,88017,48.7,37.7,40.5,591168.4,112002.7,554.8,82.2,2.9,137376,0
46.6666666667,33.8,26.9666666667,492705.066667,81753.4666667,553.0,150.6,2.23333333333,224813,36.0,34.4,30.9,693941.8,89986.4,686.8,106.0,2.2,389945,0
38.3,33.0,27.7,686691.4,90286.9,673.8,117.5,2.0,494298,39.4,29.3,29.1,679640.5,104486.6,757.7,89.4,2.6,984189,1
33.0,24.6,25.9,560340.2,73979.6,658.2,133.2,2.0,331063,42.6,26.0,32.6,531481.9,85438.1,614.9,148.7,2.9,151060,1
43.2,30.7,28.2,623264.4,81660.5,524.6,129.5,3.1,306208,40.3,29.6,29.1,568401.4,92067.0,567.2,95.5,3.0,235850,1
32.1,24.8,27.5,555114.5,73152.4,529.2,102.4,2.4,217517,38.3,27.5,22.7,436966.6,67570.4,418.6,135.4,1.5,145327,1
35.9,25.7,28.4,575323.8,83161.8,705.3,120.0,2.9,195398,39.5,27.9,28.6,555289.6,79194.2,610.7,144.0,2.7,286643,1
41.3,34.4,38.5,674413.1,106383.1,755.9,88.7,2.7,366547,44.2,28.0,28.3,536466.7,99556.9,579.5,121.5,2.8,269252,0
45.6,35.3,26.2,463342.1,85609.0,543.7,103.5,2.5,214125,41.6571428571,32.9,31.1714285714,573420.714286,95192.0571429,497.014285714,88.4142857143,2.81428571429,353566,0
41.6,34.2,37.5,607497.7,106479.0,573.5,80.3,2.3,139767,34.3,30.5,32.6,605940.6,89339.7,661.8,82.3,2.0,358482,0
38.0,25.5,29.725,593541.7,83361.05,624.7,103.025,3.175,142552,51.1,28.6,37.0,629893.7,101803.3,587.1,128.4,3.1,81430,0
43.0,42.2,35.1,665018.0,109169.0,586.4,105.0,1.9,805642,45.0,29.7,37.9,721979.1,109619.8,675.2,157.1,2.9,780651,0
49.8,24.4,24.0,500895.9,81649.5,591.6,181.6,3.2,165590,36.6,28.2,28.6,575670.5,84575.2,723.5,122.7,2.8,174721,1
40.8,31.5,30.4,681372.2,91590.8,710.5,89.4,1.6,367253,44.1,30.0,37.7,617722.8,95082.9,674.2,138.7,3.3,250528,1
34.2,28.8,38.1,594762.7,99795.6,744.2,97.3,2.5,444275,44.8,23.4333333333,23.1666666667,476876.333333,70262.9333333,547.733333333,142.1,2.33333333333,1271165,1
43.8,27.7,30.2,507104.9,87750.1,570.8,88.6,2.8,1171932,33.6,27.8,29.5,548912.7,80524.0,615.9,83.4,2.5,409165,0
45.3,27.6,30.5,481723.9,85991.0,586.7,153.5,3.1,199510,45.2,24.7,34.2,629364.8,96240.9,642.7,145.4,3.5,832561,0
33.6,30.7,30.7,594724.5,76747.2,596.9,124.7,2.4,163299,34.3,27.2,38.2,699910.6,100865.7,680.3,107.5,2.7,357926,0
48.0333333333,35.8,28.3666666667,620474.9,82283.7,587.766666667,99.8,2.23333333333,225552,36.0,33.6,32.0,628409.2,95083.3,626.5,81.6,2.7,299203,0
42.4,30.0,27.9,550802.6,81720.1,453.1,131.7,2.3,97486,41.5333333333,29.6333333333,26.9,473496.2,74794.9666667,520.666666667,106.366666667,2.43333333333,230137,1
37.9,31.7,29.2,612896.9,86114.6,657.2,92.0,2.3,384535,51.5,23.6,20.7,472658.3,70165.3,471.0,136.5,2.8,183840,0
55.5,30.1,19.5,401719.7,71144.6,387.6,122.2,2.6,229782,44.8,26.3,24.1,455671.6,68289.2,465.4,129.7,2.3,200493,0
35.2,36.9,26.4,543343.9,81287.4,590.2,59.2,2.3,125560,44.0,33.4,25.1,409552.3,70335.6,429.2,57.5,2.7,190143,0
48.1,31.3,30.4,551042.0,87559.9,590.6,136.3,3.1,791973,37.9,37.1,30.4,538003.2,94162.2,538.6,113.0,2.6,1098221,0
44.3,27.0,33.2,518348.6,92142.1,429.3,112.2,2.8,509418,36.5,33.0,34.9,622571.5,92265.7,643.8,85.0,2.0,262809,1
36.5,27.7,18.1,457360.4,61855.8,527.9,118.6,2.2,43604,47.3,30.6,25.3,563674.1,73061.6,413.6,124.0,2.3,161587,0
36.2,22.8,30.0,548374.1,80272.7,538.7,105.9,2.5,206357,48.8,27.6,30.1,529508.2,92421.3,594.6,133.7,2.9,842988,1
30.6,26.5,29.5,560564.166667,77189.6666667,587.8,94.8333333333,2.13333333333,83268,38.4,35.7,25.5,543440.8,81596.1,659.8,84.7,2.7,131599,1
42.0,30.5,27.3,563533.6,88747.4,595.5,94.6,2.1,358518,42.8,32.4,26.0,567889.9,95221.6,651.0,95.5,1.9,143919,1
52.6,36.4,36.9,644998.3,102832.3,527.3,145.6,2.7,360352,37.9,31.3,26.8,415359.9,63767.1,361.8,79.1,2.2,62902,1
41.7,32.9,35.7,658809.1,103174.2,774.7,113.2,2.8,318492,46.1,29.8,23.4,493530.4,75883.2,556.1,124.9,2.7,847386,0
41.2,28.7,30.4,517945.0,82198.1,434.0,128.3,2.2,1265996,40.9,34.6,33.0,545550.9,90844.9,632.2,130.0,2.5,497250,1
46.0,30.9,24.3,393702.0,67282.3,396.5,134.4,1.6,148019,36.9,28.6,28.9,545776.5,89975.4,548.6,121.8,2.7,333708,1
37.8,36.5,33.6,603848.8,96245.6,665.6,123.1,2.0,175138,37.3,29.3,26.4,495610.5,77036.6,508.1,121.2,2.3,902981,0
40.2,26.7,33.4,652671.7,96402.6,756.6,99.7,2.6,85292,41.7,31.7,33.7,512345.1,86683.9,455.9,94.9,3.3,103263,1
40.1,23.7,19.7,435231.6,60973.7,464.6,105.4,2.2,43850,37.9,27.3,32.6,624934.8,91680.7,766.7,106.4,3.2,396615,1
36.3,32.2,30.2,601952.5,81308.8,544.3,81.4,2.3,169357,46.7,30.8,31.0,494499.0,96939.1,537.8,113.5,2.9,485730,1
38.8,27.6,32.2,532387.1,77015.0,462.6,80.7,2.7,198617,39.8,27.1,36.0,579788.8,100041.8,657.5,114.8,2.8,231741,0
46.8,31.2,29.3,499516.9,83994.5,595.1,80.8,2.8,220326,39.7,33.6,32.9,542431.1,92061.9,617.1,82.9,2.7,577784,0
34.3,36.1,33.4,623247.9,103621.9,713.2,96.0,2.0,400163,36.2,33.1,36.7,677828.6,102990.6,584.7,89.5,2.3,440887,1
45.4,35.9,27.7,535732.2,82115.6,485.8,113.0,2.4,540048,34.4,30.8,34.5,666848.8,102397.2,595.0,77.3,2.7,2262893,1
36.8,27.4,26.9,534507.3,75919.6,537.6,119.5,2.5,1405536,36.7,34.2,44.5,728020.6,116272.9,720.4,85.1,2.5,357645,1
38.1,33.7,23.5,495532.9,77636.0,622.8,85.3,2.0,90300,40.4,30.5,21.8,444532.2,68858.3,413.1,91.1,2.7,370219,0
46.2,30.5,26.6,440610.5,75457.7,566.7,98.8,2.6,1301631,39.3,38.8,47.2,691876.1,111867.0,579.5,108.2,3.0,118211,1
41.1,32.4,21.4,563094.9,74810.5,524.5,130.6,1.9,102435,39.5,35.0,33.8,684405.7,89355.4,558.1,87.9,2.5,1134390,1
39.6,33.6222222222,25.3888888889,559524.111111,80999.4222222,488.722222222,84.4,2.13333333333,79612,29.1666666667,31.4333333333,29.2,556450.033333,89250.5333333,744.866666667,66.0333333333,2.63333333333,121261,0
43.2,33.0,31.9,482163.6,80664.4,464.2,67.0,2.4,127398,31.2,35.9,26.1,462285.8,70572.7,459.4,79.8,1.7,3201384,1
35.4,22.0,23.0,451864.0,59664.7,475.3,99.0,2.2,364488,37.9,27.8,32.1,651394.1,97596.8,760.9,99.9,2.2,535070,0
42.4,27.5,26.1,550472.5,82927.5,634.0,110.4,2.9,389346,42.0,27.5,30.4,596520.3,81876.4,649.7,168.1,2.8,812064,1
31.9,21.75,21.75,391326.8,61211.75,307.25,64.45,3.0,62979,42.1,27.7,33.5,582421.9,87148.3,512.8,143.6,3.2,402207,1
39.8,25.8,34.4,654357.7,102052.7,719.6,95.7,3.6,220644,51.1,28.7,29.5,653253.1,88988.9,581.4,133.5,3.2,984554,0
43.1,25.6,26.2,507790.3,76247.3,509.2,107.6,2.3,335342,49.0,29.1,28.0,519118.2,85899.8,571.3,190.0,2.1,76473,1
41.7,30.3,27.8,500187.1,77171.6,595.9,120.4,2.2,256080,40.7,31.8,30.4,498182.5,72341.4,366.4,136.0,2.4,430566,1
38.0,35.6,36.2,638732.6,94450.0,558.5,72.9,2.3,313448,41.2,40.8,25.0,451793.1,79820.7,457.6,72.9,1.6,77921,0
38.1,31.2,29.8,566547.9,81587.6,593.9,90.9,2.5,259429,40.4,36.4,30.1,652869.9,96795.9,606.3,97.2,2.1,63609,1
38.0,25.2,21.8,447020.8,74240.6,576.7,130.8,2.4,145203,40.9,29.7,25.9,564580.0,71296.5,481.7,132.0,2.6,39781,0
39.0,28.1,31.4,591324.4,87631.2,642.0,105.3,2.3,154670,43.1,29.4,31.3,486474.1,83637.8,438.3,94.3,2.7,390799,1
40.9,24.7,26.9,493756.1,83091.6,662.8,108.9,3.2,1088846,39.3,25.5,29.9,560077.5,81623.2,457.2,127.9,2.7,210880,1
34.8,39.4,34.6,531355.0,90838.7,506.0,57.8,1.7,307996,38.3,30.6,27.9,479907.2,80098.8,477.4,120.3,2.5,821723,0
34.9,32.3,49.3,549292.8,105595.4,491.7,95.5,2.4,141495,42.1,37.4,33.2,626765.0,100035.2,708.5,82.4,2.5,527656,1
38.7,27.1,24.6,550905.1,81680.8,516.7,131.7,2.3,2875891,31.9,21.5,25.0,490565.2,66485.5,497.0,104.7,2.7,202766,1
41.5,26.5,31.1,589652.0,93289.3,622.3,112.3,2.7,179594,37.7,29.1,33.2,587024.0,89268.8,664.7,112.9,2.2,227334,0
43.2,27.4,31.6,526647.6,79953.4,527.2,123.2,2.4,245992,42.4,28.2,30.4,499241.1,86485.2,509.7,119.4,2.4,189421,0
39.1,26.5,27.6,596141.1,85765.1,706.6,94.0,2.3,526503,31.8,33.9,27.2,591315.5,82013.3,696.9,88.9,2.1,102910,1
42.1,29.1,29.8,554336.7,87943.8,518.2,133.6,2.6,155023,46.5,30.4,30.9,537522.8,89237.6,590.9,139.0,3.0,395366,0
32.3,31.8,24.2,531051.8,73684.6,523.1,75.8,1.8,448829,49.0,30.5,31.6,554264.1,90951.4,593.2,132.3,2.9,403275,0
48.0,25.5,20.6,480361.1,74921.0,590.9,142.6,2.7,1143483,38.8,33.9,23.9,494706.3,84995.6,562.0,130.6,1.2,199786,1
51.3,32.9,32.1,608834.2,91282.9,337.8,132.6,2.2,286654,41.2,28.2,34.4,651645.3,102971.4,681.3,95.5,2.7,1230208,0
39.4,35.1,28.9,514314.3,85981.9,468.5,91.8,2.3,426231,35.5,34.8,34.8,538206.6,82768.1,555.6,80.7,1.8,599654,1
38.3,33.9,37.8,655555.8,111186.6,713.3,67.1,2.3,218763,45.2,31.6,35.9,676448.4,99147.9,588.4,93.3,2.7,190950,0
36.2,32.0,40.4,610021.5,105191.3,699.2,79.0,2.8,307324,36.0,28.4,37.9,553123.1,104261.9,629.8,77.5,2.9,243585,1
47.9,25.8,27.0,574983.9,86766.7,513.1,148.9,2.1,767726,41.9,32.2,33.7,618354.3,100925.9,564.1,154.1,2.4,847896,1
40.9,25.9,41.3,694944.5,94299.6,604.3,118.4,3.4,369546,41.0,38.4,41.5,614588.0,98664.4,630.7,87.6,2.9,41068,1
42.2,34.6428571429,28.6285714286,550175.985714,84035.2142857,551.128571429,148.471428571,2.27142857143,420214,34.7,28.6,26.9,483377.4,71730.3,486.2,105.1,2.7,387771,0
38.9,38.3,29.7,470540.7,82566.4,445.0,90.4,2.4,202486,37.7,28.1,26.5,542559.6,88902.1,616.5,70.8,1.6,81139,1
47.9,29.7,30.7,612134.3,107613.0,631.7,98.2,2.3,101019,48.2,33.4,33.3,547608.6,89477.1,590.5,106.6,2.9,120316,0
40.3333333333,26.7777777778,26.8555555556,611570.977778,86295.6555556,735.788888889,103.944444444,2.86666666667,66576,41.5,33.6,31.6,632906.1,103011.2,756.6,116.1,2.3,114288,1
42.4,30.8,31.9,576972.0,95330.0,576.7,112.9,2.7,554279,52.7,31.7,27.4,569454.7,86628.2,639.7,132.0,2.6,136721,1
38.4,31.6,24.7,461872.8,63176.9,475.5,102.2,1.7,329723,47.8,34.4,37.3,637576.8,95280.9,526.4,108.9,3.0,40440,0
35.8,30.6,31.9,652757.7,83772.0,587.9,114.3,2.4,95949,43.2,26.0,29.4,556821.9,81543.5,569.3,100.9,3.4,241533,1
57.6,32.9,26.5,451510.5,74620.5,449.3,95.7,2.1,92298,37.3,34.5,28.65,446395.9,74394.9,447.0,87.7,2.15,49120,0
39.2,33.1,37.5,659546.5,104908.0,617.8,89.6,2.6,464124,41.7,30.9,32.2,589410.6,84014.9,635.9,92.4,2.7,146013,1
38.7,34.4333333333,30.3666666667,710762.366667,92176.3666667,826.5,85.3,2.16666666667,582134,41.1,28.3,28.7,543411.0,91741.2,615.7,119.4,2.4,61521,1
43.0,24.7,29.0,508016.4,74682.1,539.8,132.8,2.9,519111,46.4,31.1,28.2,521274.5,80306.6,610.0,159.0,2.9,682759,0
42.4,34.3,31.5,572357.2,98597.0,589.0,99.7,2.4,71593,37.4,32.3,25.1,586586.3,84650.6,661.7,110.6,1.7,342236,1
43.3,20.8,28.4,460117.4,74674.8,539.6,132.2,2.3,737522,37.6,29.7,28.1,567014.3,95494.0,743.7,104.7,2.3,78708,1
39.4,26.3,28.3,513082.5,70920.3,499.6,136.2,2.5,413477,41.4666666667,32.5,25.8666666667,564424.866667,86398.5,585.833333333,132.933333333,2.33333333333,338683,1
41.1,30.0,39.6,616045.0,87819.4,433.2,127.9,3.2,99167,36.9,29.1,37.6,642956.7,104704.6,723.3,108.9,2.7,218247,0
40.0,36.3,30.8,600979.2,91431.0,561.7,116.4,2.3,172879,49.6,34.8,26.8,423676.4,72163.9,464.6,103.1,2.7,300432,1
42.7,30.2,32.9,532988.4,95000.4,479.2,121.1,2.4,327288,43.6,31.7,29.0,552636.9,82557.0,617.1,120.5,1.7,299828,0
37.6,33.1,34.4,679558.0,92972.9,547.1,98.9,2.0,314825,42.0,34.0,34.2,534815.4,98236.3,612.8,106.0,2.5,193805,1
37.4,33.3,35.6,510353.4,94845.5,448.0,81.2,2.4,247428,29.0666666667,31.0,27.7,603959.5,79676.8,576.233333333,91.1333333333,1.8,222088,1
41.2,39.2,29.4,573211.9,83199.6,576.1,148.6,2.5,253612,48.6,31.9,33.0,463795.2,87753.6,473.4,156.1,2.6,259167,0
45.3,31.7,36.0,629750.3,99292.8,640.7,100.7,3.1,904353,41.0,32.8,41.5,749331.0,120819.6,840.1,118.6,2.6,291534,1
47.225,35.1,31.025,598074.775,99961.45,615.225,108.5,2.425,86514,42.9,32.0,37.8,629119.4,93520.7,579.8,93.8,2.1,131235,1
38.0,28.5,22.8,467357.9,65565.9,429.7,81.8,2.1,340203,37.6,31.3,34.8,526092.2,92096.0,545.8,69.0,3.2,168997,0
49.5,33.8,46.3,621550.1,113690.0,585.7,88.4,3.1,1140178,43.0,35.0,38.4,500358.6,87907.1,412.9,87.6,2.2,380817,0
41.8666666667,31.6666666667,27.3333333333,497018.2,81511.7,603.4,112.033333333,2.3,315190,48.3,32.7,34.0,531256.9,98549.5,554.6,154.1,2.9,206445,1
44.6,28.6,29.2,625884.5,85194.5,481.1,113.1,1.9,589761,52.2,30.3,23.7,445588.2,71977.3,574.4,137.3,2.4,378684,0
39.8,34.4,26.9,594883.3,90625.9,569.9,97.6,2.8,395956,42.4,31.4,36.6,472694.1,90894.2,491.5,79.0,2.7,392700,0
48.1,31.9,27.3,503037.5,83135.1,561.0,152.9,3.0,587295,41.6,28.7,25.5,515907.8,74724.8,557.2,106.5,2.7,273835,0
35.6,28.1,20.1,454549.2,61300.8,549.0,110.4,1.6,726467,38.5,22.5,22.5,497390.4,68640.7,567.1,117.6,2.5,788933,0
41.4,27.4,32.0,698522.4,95642.6,639.8,93.0,2.7,1107104,43.2,32.5,42.7,570543.1,106489.5,619.8,98.2,2.9,160869,1
39.9,27.1,32.9,529499.5,93155.2,667.5,105.7,2.2,259342,31.1,35.3,43.0,638651.2,108413.2,621.9,76.5,2.2,173725,1
40.8,27.9,28.0,570108.8,71320.2,499.4,123.7,2.7,1443303,42.6,31.7,30.6,542476.3,90173.6,600.6,131.1,2.2,2096702,1
38.5,29.1,25.3,536884.3,77001.2,607.2,107.0,2.5,134209,43.3,22.8,23.4,535777.2,75433.1,548.7,111.2,3.0,91064,0
37.9,26.7,21.8,597181.2,77257.9,738.9,110.4,2.2,418579,40.0,29.4,34.9,614937.0,102493.9,698.5,113.9,2.6,2062081,0
39.0,28.1,32.6,640463.5,81912.8,591.5,95.3,2.5,315472,36.3,31.3,31.4,552168.4,79730.7,574.3,141.7,2.0,555833,1
38.0,30.2,31.4,576829.7,79844.8,532.1,76.5,2.4,99188,39.7,28.9,37.9,637452.2,100189.0,695.5,93.5,2.7,176778,0
39.4,26.4,30.8,635841.9,83832.5,551.6,116.0,3.0,395405,42.3,35.0,35.5,623874.6,94848.6,599.1,122.3,2.9,433597,1
40.9,30.4,39.5,527311.0,94181.6,689.4,95.6,2.7,133320,41.3,30.1,34.9,615494.1,93805.8,661.8,130.2,2.5,913270,0
44.3,23.2,23.4,461850.1,65967.2,497.5,118.2,2.8,417355,44.9,26.6,28.6,535499.4,83150.1,485.3,152.6,2.3,221411,1
42.8,41.2,39.0,739874.8,115492.9,751.7,135.2,2.0,436862,47.0,33.4,26.1,558296.5,80165.5,530.0,117.6,2.6,642580,1
33.2,25.7,27.3,548581.1,76204.6,598.6,111.8,2.8,228153,29.7,28.7,30.4,528569.1,83755.8,638.9,89.4,2.0,965459,0
44.7,27.6,24.3,572298.1,92045.7,700.5,157.8,3.1,619786,51.6,26.7,30.7,537910.3,87385.5,512.9,117.5,3.4,125645,0
42.6,26.8,33.4,675782.5,99349.1,782.1,130.6,3.2,528214,39.3,29.7,28.6,479616.8,73376.8,427.7,98.7,2.0,199756,1
37.0,35.4,38.7,609647.7,107757.3,585.7,91.4,2.8,339477,47.9,37.4,30.7,520480.8,89383.4,550.1,108.8,2.2,398979,1
41.5,36.3,35.8,638471.5,107048.6,714.0,88.3,2.6,225394,33.4,32.3,39.6,548001.5,94334.6,494.4,66.2,2.1,297346,0
41.1,28.3,39.0,682456.0,105268.5,685.1,101.6,2.5,334138,28.4904761905,27.619047619,20.119047619,448331.366667,67767.3666667,515.028571429,69.3952380952,2.60476190476,149496,1
33.4,24.5,34.9,646564.8,79211.3,620.3,96.8,2.7,447822,43.4,26.7571428571,32.4857142857,536559.942857,86741.5142857,577.357142857,108.785714286,2.85714285714,518875,1
42.0,28.5,34.6,625199.2,86598.6,488.9,128.7,2.7,150035,34.1,27.5,27.0,524221.7,70432.5,571.5,121.2,2.4,968364,1
39.2,31.3,27.8,527557.9,90619.7,697.5,112.2,2.4,189131,35.7285714286,29.1285714286,32.9571428571,598568.728571,86691.4857143,620.485714286,122.957142857,2.31428571429,82241,0
42.3,30.0,27.0,630767.3,83866.6,592.7,117.0,2.8,326209,48.4,28.9,29.2,531887.6,80349.2,567.3,160.0,2.3,640998,1
44.1,24.1,23.6,472719.2,65196.0,439.5,121.1,2.2,229956,39.9,24.8,31.6,579621.8,83069.5,644.9,149.1,2.6,1514791,1
38.0,41.9,41.6,682265.6,110671.7,639.2,104.4,2.1,52390,44.0,32.2,38.1,499885.0,89429.6,396.1,122.7,3.3,68366,0
41.1,27.5,35.5,655610.3,94393.6,436.6,108.3,2.1,157687,34.5,28.1,27.1,521577.2,80830.1,615.4,97.3,2.8,535768,0
38.0,31.4,23.3,531181.4,82985.0,535.4,78.1,1.9,391552,39.4,29.7,30.7,621566.0,95177.6,579.0,100.6,2.6,216648,1
38.6,35.7,32.6,566348.3,91735.3,693.7,82.2,2.5,307385,35.1,28.0,27.5,530810.9,86299.3,540.4,97.1,3.1,127029,0
32.5,30.1,26.9,492979.1,77665.4,654.1,87.7,2.1,194324,27.1,29.0,36.8,597804.7,94247.8,783.9,93.8,2.9,159099,1
26.5,22.8,31.0,522069.0,72965.1,613.2,103.9,2.7,420265,43.8,25.0,26.2,587429.7,89994.8,648.0,95.2,3.0,348257,1
46.2,32.0,30.9,565859.6,91113.4,538.8,102.8,2.6,1113455,51.3,34.8,36.3,573423.7,98470.2,593.3,98.3,2.8,154118,1
36.0,27.9,24.6,553309.8,74933.5,630.0,130.3,2.4,205553,37.3,30.1,29.2,543013.1,86487.2,636.2,89.7,2.3,700824,1
41.0,31.1,24.8,565611.5,81316.8,621.6,107.3,2.3,466469,41.1,33.4,28.4,525049.3,86800.6,453.0,125.0,2.4,362179,1
44.2,23.5,33.9,590645.7,80490.9,604.7,111.9,3.1,503449,38.1,29.3,33.1,602716.9,95254.4,619.1,111.4,2.3,445305,1
35.5888888889,24.2444444444,36.7555555556,570622.511111,90714.3111111,542.288888889,83.5777777778,2.14444444444,273398,31.9,25.7,24.9,578981.3,73236.2,606.7,95.4,2.8,653170,0
48.6,35.9,33.0,634791.4,105024.9,539.9,117.1,2.5,470901,41.1,27.7,32.2,636443.0,102786.4,681.9,120.7,2.5,124512,0
45.4,33.1,34.0,618923.4,107743.1,661.4,106.1,2.8,769603,38.5,30.9,34.1,621750.7,107452.1,590.4,80.0,2.5,578783,0
42.1,26.2,26.6,486148.4,75889.9,419.5,105.2,2.1,286036,43.4,27.9,28.2,596286.9,85545.9,626.0,141.8,2.7,412422,0
40.3,30.6,36.9,679695.5,107015.7,607.0,132.0,3.1,245207,41.3,28.9,46.5,695700.6,114243.4,686.2,120.4,2.8,595303,1
36.2,31.9,30.8,612610.3,95868.1,659.8,109.8,2.7,94467,37.3,30.5,28.7,723476.9,99308.8,856.8,109.2,1.7,1238697,0
34.7,29.4,36.5,658310.0,102430.6,737.3,78.9,2.5,128937,43.1,28.4,28.5,601574.3,83226.5,498.6,129.7,3.2,137900,0
44.3,37.4,26.3,538752.0,97990.5,545.4,115.6,2.3,170738,34.6,28.6,27.6,656595.0,90631.5,657.9,114.9,2.6,462812,1
43.5,28.8,21.7,482610.1,84040.1,541.0,131.9,2.0,186590,44.5,21.7,40.7,711785.9,95572.8,560.5,113.2,4.1,479913,0
35.4,34.2,31.3,721896.5,89094.6,591.3,76.3,2.4,1818849,39.8,29.3,29.6,430317.3,80715.8,406.3,117.1,2.9,342614,0
39.2,37.4,38.3,627960.3,105242.4,596.8,73.9,1.8,473978,38.0,30.8,32.2,528572.3,81804.7,525.2,65.7,2.3,1110379,1
35.7,19.8,17.5,367965.5,57265.9,403.0,94.0,2.1,101162,45.7,33.2,42.0,640477.9,100849.0,599.0,99.9,1.8,64921,1
39.2,30.3,32.4,597684.6,91243.6,662.2,100.8,2.6,208658,47.3,27.1,37.2,616723.2,106793.3,696.5,119.6,3.7,307123,0
48.4,27.9,31.3,559625.7,96966.6,670.6,107.5,3.3,375338,36.4,28.3,38.1,616230.3,100305.6,599.8,114.9,3.2,691784,0
40.2333333333,27.8333333333,28.1666666667,539625.266667,84382.2,597.966666667,100.933333333,2.2,290672,34.7,36.7,37.1,698529.6,103062.8,642.9,78.4,1.9,682043,1
39.2,27.1,24.5,546185.8,72189.8,603.1,110.8,2.5,199696,38.7,24.8,27.4,662592.3,82688.3,808.6,81.2,3.1,543361,0
43.8,25.0,27.9,549992.7,79862.3,532.4,150.8,3.0,415747,45.0,28.7,23.7,480915.3,74992.6,601.0,147.9,2.3,1026029,1
43.7,26.2,30.8,493301.9,89980.3,450.4,87.8,2.2,205094,39.2,31.3,41.5,591773.0,102597.6,632.6,104.0,3.0,501744,0
42.0,25.6,29.5,616306.5,85165.3,732.5,134.9,3.0,220548,48.3,31.1,31.3,578420.4,83074.9,518.3,136.8,2.7,288274,1
44.0714285714,33.5,29.6571428571,519664.157143,81227.2571429,496.914285714,116.385714286,1.72857142857,127824,38.3,29.7,32.6,614183.4,95851.3,636.1,100.2,2.5,215226,0
35.9,24.7,29.1,564897.7,90899.0,612.0,88.8,2.4,226828,38.2,23.4,26.8,500760.0,82274.4,527.3,161.0,2.5,145081,0
46.5,30.4,28.1,524139.8,91399.6,616.2,125.1,2.6,77302,43.7,32.9,19.5,456267.0,66857.3,530.8,162.1,2.1,424449,0
32.8,38.4,23.8,377667.6,68126.8,493.3,102.7,1.4,64487,45.9,36.4,39.0,659433.8,108986.5,683.8,95.2,2.7,217665,0
38.7,28.8,27.3,540801.5,80092.8,567.1,105.9,2.2,193397,47.5,31.1,28.4,631415.2,84055.3,467.4,101.7,2.1,346983,0
36.0,31.8,23.3,462564.3,67293.6,397.6,110.3,2.0,77533,42.9,30.7,31.6,627274.5,100451.4,729.0,174.3,2.6,367698,1
36.3,31.5,29.3,535197.5,90692.7,655.0,96.4,1.9,206511,40.4,30.7,29.7,533976.9,92074.2,532.5,106.7,2.4,405236,0
44.6,28.4,32.9,531720.9,90437.2,612.6,108.8,3.0,407439,45.3,32.8,31.1,568142.6,92363.3,619.6,57.4,2.6,314674,1
38.4857142857,31.0142857143,25.6428571429,474916.314286,76104.7285714,592.857142857,86.3571428571,1.77142857143,178874,36.9,32.6,33.5,601046.1,82109.4,528.6,103.1,2.6,71544,1
38.2,30.2,36.1,595922.8,96269.8,653.8,131.1,2.4,2430240,40.6,24.6,33.7,556871.5,81991.8,587.8,133.1,2.8,159407,0
42.9,29.8,33.6,558684.7,89487.7,581.1,102.6,2.4,59342,44.3,32.3,30.1,601194.3,97852.9,575.8,120.0,3.0,535248,1
41.3,24.6,28.5,474936.1,69954.5,460.9,134.8,3.1,1147805,42.4,26.4,27.2,510762.9,82018.9,641.9,152.0,2.6,169819,1
40.2,24.9,32.0,648827.3,94688.9,650.7,111.8,2.3,310098,38.3,24.6,28.4,532551.7,82230.6,546.9,101.5,2.4,351771,0
45.3,30.8857142857,27.1285714286,596439.085714,88167.9428571,675.428571429,109.014285714,2.57142857143,402610,35.5,28.0,24.9,539818.3,76073.0,536.4,119.3,2.2,203781,1
48.2,24.8,29.7,525737.8,85516.7,494.6,146.2,3.4,451557,39.5,37.4,30.1,608713.9,102340.0,704.3,93.6,2.2,192980,1
30.6,35.8,29.3,546316.6,80904.2,504.0,89.1,1.7,73374,35.4,27.0,30.8,607692.7,80039.1,535.5,87.5,2.6,377500,0
43.4,30.4,28.0,556771.6,79130.8,604.0,134.2,2.7,155032,52.3,27.9,25.1,525203.3,80683.5,595.1,147.9,3.0,2214859,0
36.5,26.4,32.0,514776.5,89516.1,527.8,87.1,2.4,945380,39.1,36.3,26.5,450705.6,78857.8,510.5,79.4,2.0,250272,1
44.6,31.3,32.8,580275.8,93962.6,409.4,103.2,2.7,346974,52.6222222222,33.0777777778,21.7777777778,447079.166667,70266.1555556,482.7,102.044444444,1.84444444444,232733,1
36.2,34.4,26.5,493556.6,72691.5,445.8,111.5,1.7,168350,44.2,33.2,30.9,548423.2,80510.2,458.5,97.8,3.1,286937,1
32.8,29.0,25.3,515670.8,72588.1,630.3,113.0,2.3,93312,50.4,29.6,27.8,526741.1,87027.7,590.7,136.5,3.1,840951,1
41.9,34.4,32.0,671104.9,99674.4,716.8,124.4,2.7,150820,38.5,25.8,29.7,577899.3,87363.4,640.6,81.9,2.5,506987,0
39.2,37.1,30.4,583034.0,94549.2,539.7,101.2,2.3,56580,51.4,34.8,23.7,508569.8,83659.8,480.4,109.0,2.4,209523,1
34.3,26.3,36.5,589169.4,87368.0,642.3,113.4,3.3,273815,48.3,32.1,28.3,533622.8,85788.7,426.9,120.6,2.6,77798,1
45.6,30.6,28.8,502373.9,79980.5,481.4,135.0,2.5,730334,42.6,25.0,29.2,583175.5,88598.3,690.1,137.7,2.9,146513,1
50.65,30.95,22.3,463271.9,92165.2,527.45,164.1,2.35,448681,39.9,27.1,29.0,619543.5,91695.5,577.7,127.1,2.7,329586,0
31.4,23.6,28.7,520741.6,77810.1,540.2,101.8,2.5,119216,45.5,29.2,36.9,499052.9,106519.2,611.0,99.2,3.2,192403,0
45.1,27.8,25.6,474729.0,73752.3,630.8,117.0,2.6,417716,40.4,25.2,26.2,538669.0,82068.1,650.0,136.4,2.2,2523478,0
48.5,30.0,26.0,465756.4,80592.8,557.8,174.4,2.2,536801,39.2,32.1,34.2,598817.3,83237.2,472.3,104.6,2.3,88307,0
35.0,26.4,33.4,659737.7,97011.1,787.6,116.7,1.9,599169,41.2,30.5,31.1,488418.4,90185.6,570.3,118.4,2.1,376719,1
43.4,30.4,35.7,638922.3,101658.2,611.6,99.9,2.9,206196,49.3,29.9,33.5,493922.5,89833.6,620.9,78.9,2.8,388973,0
48.5,36.3,40.8,612911.2,106271.6,657.7,96.9,2.7,324575,34.2,27.1,34.3,593752.6,82664.7,593.4,76.5,2.9,439502,1
41.8,30.6,35.1,637943.6,94606.2,439.1,85.6,2.1,271159,37.6,35.7,28.3,610661.4,78344.6,487.8,86.9,1.9,48879,1
37.8,30.8,28.1,562216.8,83890.1,601.6,106.4,2.3,618314,50.5,28.8,31.9,607603.0,96444.2,693.7,129.7,2.7,170628,1
31.9,28.0,27.0,587031.8,80980.2,615.8,91.8,2.7,90857,43.4,33.4,36.2,554185.5,95234.6,491.1,108.5,2.5,199181,1
43.0,30.7,33.5,593712.9,89018.4,669.4,87.8,2.3,924868,41.0,36.3,31.4,543830.6,87089.3,541.4,123.7,2.4,310099,1
40.3,35.7,38.6,602527.8,101260.2,573.9,72.7,3.3,403474,44.9,30.2,22.3,503176.3,86369.7,548.1,159.4,2.4,342189,1
42.8,33.4,28.4,509207.4,88181.1,547.0,122.1,1.9,350610,39.0,27.8,46.9,636247.4,107070.15,584.45,105.3,3.1,122160,0
42.2,23.4,24.4,513969.0,76154.1,647.6,131.3,2.6,27854,42.4,22.1,27.6,526623.1,77858.3,652.6,103.2,3.1,70591,0
33.2,29.5,38.6,570618.5,97125.2,622.1,72.4,3.0,178883,36.6,28.8,26.5,528699.8,83758.3,548.7,101.9,2.0,82707,1
37.8,34.0,22.0,612207.5,95266.5,640.1,95.5,2.1,396715,41.5,24.5,25.6,517062.5,71719.9,521.5,111.8,2.8,849466,1
33.3,31.1,27.6,495216.5,71375.9,463.8,110.0,1.7,140570,45.0,30.0,28.3,499766.1,76620.3,444.2,130.7,2.6,432484,0
38.7,27.4,26.2,550761.9,83521.9,667.8,128.9,2.5,326211,48.0,28.0,22.7,536123.2,82037.1,675.4,179.2,2.6,1089146,0
46.7,34.8,32.8,588142.4,97116.7,478.9,158.2,2.7,197142,34.6,23.3,33.0,597242.8,84637.5,637.9,102.1,3.2,678874,0
40.4,30.9,30.8,575622.0,94152.2,682.6,108.7,2.4,145089,43.5,38.7,33.0,552687.4,96536.0,514.1,145.5,2.0,375262,0
37.2,26.7,19.5,477708.0,66868.9,486.8,120.1,2.0,418111,46.4777777778,29.0333333333,24.5222222222,667135.144444,95263.3444444,657.144444444,109.1,2.66666666667,281606,0
33.5,34.0,49.1,572633.5,112578.8,582.6,75.6,2.7,155531,49.0,28.5,24.6,584593.8,92784.3,652.0,114.1,3.2,170280,1
45.3,24.4,27.0,465104.3,79312.3,461.4,123.0,2.9,326356,40.0,32.0,28.2,527220.3,73410.4,544.1,127.0,1.9,422866,1
45.9,34.5,43.9,552336.4,100596.8,505.6,124.3,2.3,305428,43.1,26.8,31.2,654195.3,93179.6,569.1,123.3,2.9,112901,1
39.1,23.4,27.0,467770.0,74856.6,569.2,101.9,2.9,442290,32.4,28.7,30.9,671435.9,91950.2,721.6,98.1,1.9,119197,1
37.3,30.6,31.2,486688.6,73911.1,478.9,66.9,1.6,123319,28.5,30.2,28.5,488377.4,73793.0,431.8,62.7,2.1,94554,1
44.3,31.7,25.7,601828.3,89157.6,661.9,156.1,2.6,240365,47.9,25.3,25.6,459979.9,81044.7,539.9,130.9,3.0,166673,0
42.6,31.7,25.9,550519.1,76797.0,553.3,86.6,2.7,64973,31.9,37.4,33.4,576662.6,88240.0,623.2,83.6,2.0,127326,0
31.9,24.2,28.5,468960.9,68143.2,505.5,84.4,2.4,388322,44.1,27.0,27.1,543482.5,86884.8,589.6,99.9,2.8,1507316,1
36.1444444444,33.4444444444,28.7666666667,552904.211111,88087.5222222,662.122222222,109.766666667,1.92222222222,87333,35.1,37.4,31.6,632262.7,99586.3,591.9,99.4,2.1,239908,0
37.4,31.7,33.3,633487.6,99245.6,727.8,67.1,2.7,481690,39.9,25.0,27.7,496893.3,74257.0,471.5,84.7,2.3,257670,1
39.6,27.2,23.3,516162.7,76744.7,500.5,111.1,2.7,395246,43.6,32.5,33.1,560498.3,96217.8,673.1,117.3,2.6,1342076,1
36.0,23.3,24.2,508393.4,77477.0,607.5,111.9,2.8,299311,36.6,26.3,24.6,700391.3,85682.5,718.3,131.2,2.3,208835,0
36.0,31.5,27.8,538334.2,80706.4,587.5,85.5,2.7,203822,43.2,33.95,24.55,467823.825,87211.825,525.625,89.6,2.225,1389604,0
29.7,25.2,31.4,497728.8,75644.9,538.9,176.3,2.7,240062,43.6,35.1,32.1,595046.8,93028.3,701.0,114.4,2.7,1013809,1
35.8,28.1,30.8,488546.2,76614.6,548.5,123.2,2.9,615748,35.6,31.4,25.0,583497.3,78916.7,577.2,115.2,1.9,166734,1
40.4,29.8,31.4,510230.1,86917.4,585.6,102.2,2.4,601598,40.1,30.8,23.2,519290.3,84817.2,645.3,123.9,2.7,295231,0
37.9,24.5,23.6,529514.5,78521.0,561.4,92.5,2.4,129374,28.1,23.0,34.5,624581.2,88831.8,565.8,95.7,1.6,149980,0
48.5,31.5,35.4,669114.3,112430.9,583.5,113.4,2.7,166046,27.3,23.9,21.4,446541.9,64924.7,436.9,88.9,1.6,235209,1
35.3,24.5,34.6,624885.8,89338.8,622.7,116.2,2.6,200652,43.1,37.3,30.5,604943.3,93661.5,693.2,104.8,2.2,139370,1
40.6,32.6,17.5,406012.5,57085.6,334.4,98.7,2.1,156619,33.2,24.3,34.5,707509.1,97253.7,680.8,113.8,2.0,1004220,0
35.9,23.2,24.6,606594.3,76117.5,567.5,109.2,2.5,800546,47.0,32.8,36.5,619424.2,103311.5,571.0,105.4,3.0,726212,0
40.9,28.0,27.3,582140.2,85900.9,584.1,116.8,2.5,65111,45.0,27.7,27.4,522495.8,81380.9,431.8,170.1,2.7,727163,1
46.9,23.3,26.9,463860.6,74570.1,437.5,147.1,2.8,107269,38.1,23.1,25.1,509851.0,73538.9,673.7,127.7,2.5,148406,0
40.9,28.4,38.5,546973.9,88433.3,622.7,115.9,2.8,1939390,38.3,30.7,32.4,526823.2,88344.1,567.8,102.5,2.1,126241,1
31.3,28.4,35.8,642443.5,87990.4,646.9,89.7,2.4,344711,30.0,29.4,24.4,596147.2,73668.5,413.5,92.6,2.8,105088,1
41.7,30.5,33.1,642854.3,101986.7,607.5,104.5,2.1,1310095,50.9,32.5,39.7,458280.8,95890.1,406.0,141.0,2.9,319365,0
30.9,26.5,30.9,476119.5,82192.2,489.9,71.1,2.0,240800,25.2,33.1,22.1,453684.5,66162.9,484.4,67.2,1.9,443419,0
47.6,26.7,24.6,383680.7,63268.2,333.8,107.1,3.1,594701,43.5,24.6,30.3,486492.5,81641.5,465.9,112.0,2.3,445364,0
39.4,32.0,28.5,553958.4,83359.7,523.5,78.1,2.7,587078,59.9,29.0,24.8,432336.1,83714.0,427.7,114.7,2.2,163273,1
46.6,31.6,20.3,525632.3,74348.8,450.2,68.9,2.3,517962,43.5,34.2,29.55,565867.95,84931.1,496.5,109.75,2.35,216800,0
47.6,39.8,24.1,527825.9,81318.0,524.4,104.3,2.1,199706,36.7,30.6,37.3,612445.2,90847.9,665.7,109.2,2.3,378180,0
38.4,29.3,30.9,604633.8,91439.7,613.3,111.8,2.7,193606,33.7,33.7,35.2,602273.3,89324.9,532.8,120.2,2.9,273507,1
42.2,30.6,37.8,649988.4,109490.1,683.9,109.2,3.2,263549,42.0,22.5,24.0,531262.0,78369.3,534.3,131.5,2.9,117417,1
50.5,28.4,30.7,582660.0,90411.7,518.1,97.8,2.4,396720,37.0,34.1,33.2,643667.1,89119.9,423.5,99.0,3.0,208998,0
34.9,28.3,34.7,608971.4,100019.8,662.7,94.6,2.5,105669,45.5,27.7,20.3,487176.5,76565.2,460.3,135.8,1.8,503539,1
45.7,30.5,39.7,610890.4,102536.8,645.3,113.5,2.4,240973,49.5,35.1,26.8,424060.9,81076.2,467.5,96.3,2.1,106671,1
27.1,28.8,33.3,441883.6,86236.0,557.6,111.9,2.5,487967,43.0,32.9,37.9,557309.7,96130.1,651.3,118.0,2.6,200103,0
32.9,31.4,25.3,530152.7,74554.2,594.5,115.7,2.4,136333,42.8,32.2,33.5,628740.2,110257.5,586.1,141.6,2.7,157325,1
34.6666666667,30.2666666667,21.1,448229.8,62447.8333333,436.766666667,107.133333333,1.86666666667,255813,37.8,30.8,26.2,583622.4,86406.5,683.1,118.6,2.8,1295891,0
39.5,26.5,32.1,606265.6,75837.4,505.1,107.7,2.9,510467,35.3,27.1,27.2,551724.0,82413.3,577.0,117.4,2.9,295283,1
47.0,29.3,28.4,593646.5,81295.4,574.5,118.8,2.3,342842,47.3,26.0,22.1,483467.2,74899.2,563.5,99.5,3.0,293400,0
38.1,32.1,29.2,577113.7,68203.1,482.7,95.8,2.3,234411,37.7,29.6,35.2,561467.6,86319.5,564.0,57.2,2.6,676170,0
40.8,33.2,27.8,473044.9,84857.2,535.7,81.9,2.1,199325,36.3,31.6,27.9,620053.5,78423.8,441.8,102.1,2.8,109130,1
45.7,34.0,26.1,494400.0,82807.4,414.3,115.5,2.8,235293,36.6,27.7,28.5,517233.8,77881.1,526.8,87.3,2.8,178507,1
37.6,33.4,31.4,589668.9,83592.5,571.9,132.6,2.4,601248,50.9,34.1,32.7,599570.3,90739.1,508.7,130.7,1.9,158629,0
45.5,29.9,33.7,439059.1,90078.4,519.9,126.4,2.9,369203,38.4,34.0,30.4,504115.4,77891.7,418.7,80.1,2.0,268436,1
51.9,30.3,26.1,482346.2,88404.8,475.1,109.7,2.9,248417,36.6,30.2,24.7,473442.5,69732.6,545.6,114.9,2.4,315058,1
34.1,29.4,34.2,547009.6,87981.1,583.7,88.5,2.5,917034,44.2,30.7,34.5,531613.7,89038.8,548.0,121.0,2.4,144074,1
37.3,32.4,30.7,525171.2,84007.9,520.1,95.1,2.9,142595,42.8,20.9,27.0,591322.8,91440.5,615.5,118.6,3.0,524084,0
43.525,27.1,33.65,630112.45,100309.375,773.7,85.2,3.175,976817,50.8,22.6,22.3,400879.4,64875.9,423.9,214.3,2.9,845714,0
44.1,23.1,33.0,449453.9,87233.4,513.7,162.5,2.7,230275,43.2,25.1,29.1,521347.8,79965.4,549.2,125.7,2.8,724412,0
29.6,26.9,34.1,607413.0,90864.7,705.4,89.0,2.7,352725,36.1,30.5,35.2,549104.6,88852.6,497.5,149.3,2.2,1427022,0
40.4,31.0,31.6,605541.3,86476.7,581.4,118.1,2.8,855619,42.4,35.0,26.6,519545.4,74324.4,594.7,167.5,2.1,643424,0
43.6,30.8,36.8,646133.5,103983.2,697.7,102.4,2.7,404252,40.8333333333,30.6222222222,26.3555555556,438394.944444,76101.3888889,471.566666667,93.2666666667,2.02222222222,1117189,0
41.5,23.2,25.5,522999.7,81244.6,739.6,130.1,2.6,243459,37.2,27.5,25.4,566250.8,79481.5,608.3,113.1,2.1,546379,1
36.3,34.1,30.1,621844.1,95893.3,649.8,107.4,2.0,250136,42.7,23.6,25.6,537866.9,81691.3,483.5,103.8,2.3,404583,1
39.9,25.2,25.0,512268.3,75614.9,615.5,88.3,2.4,391872,43.4,42.9,42.4,643021.0,114116.5,575.9,75.0,2.0,2124683,1
46.7,22.9,23.0,484962.6,84936.3,555.5,137.1,3.0,425801,41.9,25.1,35.6,657236.9,92249.8,635.4,134.2,3.3,306427,0
42.0,27.8,30.8,450919.3,88741.9,474.2,76.1,2.0,268604,47.8,27.2,24.8,446222.2,73491.4,480.7,84.0,2.2,637232,1
37.8,31.8,30.1,589661.6,85084.6,449.4,101.1,2.9,131670,49.6,32.6,31.2,563678.1,96589.1,604.9,96.9,2.5,253459,0
45.1,25.0,30.0,519903.1,83634.3,588.5,122.0,2.8,130765,35.5,27.3,27.4,583925.6,76436.5,678.9,92.0,2.8,152095,1
42.6,28.3,26.3,555254.0,87429.4,790.4,96.9,3.0,147510,44.6,25.3,32.3,590861.5,88743.7,544.0,104.9,2.8,75384,0
40.3,34.0,30.0,621550.9,96012.6,539.3,95.1,2.6,70403,48.4,34.9,26.6,513919.8,78560.9,533.0,157.9,2.4,269012,0
42.5,25.4,32.4,491701.1,89990.1,393.3,119.7,2.7,357147,52.3,29.0,26.8,409283.7,76823.6,548.7,133.4,3.0,307609,0
38.2,30.7,41.9,633188.6,109572.5,562.6,90.4,2.9,589371,27.9,33.1,34.2,577334.2,83303.5,608.5,77.2,1.5,473468,1
34.8,34.0,38.2,659597.6,107304.2,736.1,96.4,2.1,458601,44.3,31.7,34.3,549235.3,96705.2,542.8,131.1,3.1,872023,0
45.3,29.4,28.2,455157.4,75569.5,560.8,123.9,2.9,100137,42.4,29.7,26.9,549128.8,77396.3,659.4,99.0,2.1,326885,0
50.7,27.6,22.9,398157.8,69691.0,503.7,181.0,2.4,217013,42.6,26.0,37.9,631597.2,98713.9,608.5,117.1,3.3,360832,0
30.9,25.3,24.0,548361.9,70803.0,514.3,63.9,2.2,354192,37.5,32.3,31.6,472635.2,87908.9,503.3,79.9,2.4,852505,0
35.6,27.1,28.9,589064.1,94714.8,649.6,106.1,2.3,104069,37.4,28.4,32.9,558710.3,92731.5,659.1,71.7,3.1,159663,0
35.7,30.0,24.0,636469.0,91246.0,712.6,168.4,1.8,484727,43.9,23.8,29.7,472467.3,75667.1,536.1,103.7,3.6,533101,0
46.9,28.5,26.8,600878.8,84170.1,537.0,129.8,2.6,467516,40.9,26.9,25.9,610085.2,71521.1,567.8,104.2,2.3,81153,1
39.6,30.5333333333,27.2666666667,499814.033333,74109.6333333,542.0,85.9,1.8,589951,43.125,32.775,24.8,456348.875,78897.35,447.925,146.225,2.075,330829,1
33.9,28.7,49.65,715439.25,108701.8,750.25,106.45,2.75,56241,37.0,36.9,33.7,639242.5,95649.7,608.0,65.9,2.2,128943,1
48.6,26.7,25.1,551529.3,78533.8,621.1,152.9,2.7,342226,31.7,29.0,31.4,559486.1,75549.7,621.4,94.8,2.3,103339,1
38.1,27.5,34.3,538385.3,98193.6,607.6,105.7,2.6,297936,37.0,34.5,40.1,677059.5,96074.6,527.2,88.1,2.5,263693,0
37.9,25.9,23.5,590314.6,69607.8,580.6,107.4,2.3,327136,61.8,27.9,24.5,506919.3,92726.8,420.3,141.8,2.9,346435,0
46.2,30.9,27.6,580053.8,85673.7,690.3,139.2,3.0,321699,46.2,32.4,27.4,555024.9,82193.5,522.7,144.1,2.6,537621,0
39.6,31.9,33.3,600171.1,98860.4,735.2,100.3,2.3,407320,44.4,27.6,33.9,634118.6,101027.3,735.3,119.7,2.5,633363,0
34.4,36.0,29.2,482637.7,83066.8,496.2,99.0,2.3,124312,40.7,26.1,37.8,635775.5,108297.8,719.6,82.7,3.3,124765,0
45.9,40.9,35.2,466106.0,96885.2,387.5,126.2,2.2,515783,40.6,30.4,40.7,607795.7,103899.0,586.5,74.8,2.7,154320,0
36.1,27.9,22.5,419418.2,70327.3,440.6,125.4,2.2,52197,42.2,29.1,25.8,505958.5,78924.8,521.6,120.8,2.1,40989,0
43.9,26.7,30.7,579825.5,92754.0,724.1,143.4,3.6,452121,34.4,26.7,30.1,463619.9,72425.3,487.0,98.2,2.8,554340,0
52.5,25.7,23.8,514868.2,81395.5,518.5,123.7,2.9,663794,45.1,26.7,27.3,439423.4,81878.9,547.0,110.7,2.8,130908,0
40.5,28.9,22.9,564902.6,80685.1,413.1,136.4,2.3,256249,51.4,39.0,32.3,474222.1,93915.7,426.1,123.3,2.7,293480,0
34.3,27.8,34.1,748412.6,92680.3,623.5,113.4,2.8,238555,23.0,31.6,27.6,548877.2,72571.8,532.6,61.7,1.5,81723,1
49.7,27.3,27.8,698748.2,94483.0,727.9,121.5,2.6,242864,39.1,24.1,28.9,593848.2,92514.6,623.6,150.8,2.1,109720,0
42.0,33.9,28.7,552645.9,79399.6,486.9,104.1,2.3,218591,45.5,33.4,26.9,423674.4,72910.9,461.9,113.2,2.8,458717,1
35.5,30.0,24.5,474681.7,76081.6,574.7,126.8,2.0,244305,41.7333333333,31.0666666667,31.5333333333,529867.3,85261.2,461.966666667,112.1,2.66666666667,78913,1
37.6,31.4,34.3,554901.3,94318.9,549.3,86.4,2.5,121106,44.0,33.2,27.0,514228.2,78197.0,462.0,130.1,1.9,380145,1
34.7,27.8,29.0,645158.4,80005.5,578.3,101.5,1.9,45442,47.8,23.1,30.9,629318.3,74435.0,415.6,104.2,3.2,125237,0
30.0,25.4,31.0,521007.8,81890.3,537.2,115.3,2.5,240312,41.7555555556,26.3333333333,28.1333333333,507431.844444,71323.3888889,508.744444444,114.777777778,3.01111111111,275278,1
48.5,31.7,26.0,470675.3,85722.9,514.5,126.2,1.9,292594,35.0,33.0,28.4,551170.2,88147.3,560.7,101.5,1.4,222390,1
54.3,25.8,39.5,650237.3,113068.3,744.5,100.6,2.2,170725,42.6,20.3,29.2,437343.9,72679.8,542.6,98.2,3.1,576151,0
34.7,29.0,29.8,614351.8,81144.0,586.7,95.7,2.4,184208,35.0,28.4,32.3,624900.4,94070.0,692.7,96.8,2.8,625057,0
38.0,31.4,28.5,522115.6,88805.5,555.6,129.9,2.1,1280824,42.4,27.2,25.4,552980.5,94687.3,626.4,98.8,2.7,445269,1
45.2,31.8,28.4,603352.9,93991.5,554.7,167.5,2.3,417852,42.2,26.8,31.3,495317.7,87678.5,458.5,80.4,3.5,243946,1
39.5,34.6666666667,24.9666666667,452781.266667,80441.1666667,556.866666667,118.266666667,1.8,262601,35.5,26.9,21.6,457317.5,73012.9,542.9,90.3,2.7,72385,0
38.2,21.9,20.7,460080.2,69725.7,543.3,94.0,2.6,2027286,40.9,28.6,29.0,570472.1,87845.9,623.8,112.1,2.6,637323,1
43.5,28.8,27.0,545665.3,80413.2,490.2,119.9,2.7,241349,45.7,29.1,29.6,683266.5,90485.6,702.6,124.5,2.9,201874,1
40.9,28.8,24.4,585957.3,70859.6,489.0,158.3,3.1,458752,42.5,28.1,24.5,483115.8,75595.3,532.2,131.5,1.9,67833,1
39.0,32.6,28.8,529916.5,94673.5,688.8,102.8,2.8,751048,36.4,26.6,28.9,529950.5,84747.0,648.0,114.2,3.0,1094678,0
42.7,26.1,19.8,443373.0,72027.8,550.4,136.0,2.4,2081080,32.4,27.0,25.3,479493.5,68503.6,580.9,130.5,2.4,1923823,1
40.2,26.0,22.7,457580.7,84816.0,562.0,122.2,2.4,415073,45.2555555556,34.0333333333,33.1444444444,452636.455556,84756.7444444,545.511111111,93.6888888889,3.23333333333,167929,0
31.5,43.0,31.8,595515.5,90200.2,595.6,73.3,2.1,348597,34.4,29.3,32.3,649221.2,85013.8,594.4,79.6,2.2,68001,0
42.9,24.9,21.8,452739.6,69112.7,489.8,126.8,3.0,325527,44.7,36.3,28.0,492756.4,75019.9,508.2,86.7,2.5,92470,1
41.075,38.175,28.225,526297.3,82537.7,393.3,101.85,2.3,760333,54.1,33.1,29.2,480559.3,81373.1,459.1,102.2,2.5,235201,1
35.0,29.0,28.0,469293.1,79247.1,550.9,136.6,2.9,362122,34.075,33.0,24.8,477955.45,77847.525,561.675,59.15,1.5,172679,1
49.6,31.3,21.4,475951.3,78036.7,491.9,149.3,2.0,201405,35.3,31.8,30.1,592897.7,80023.3,627.2,105.3,2.5,546420,0
38.7666666667,31.1,36.6666666667,518380.2,92714.1333333,505.633333333,119.866666667,2.23333333333,389984,40.9,35.2,28.1,468866.9,79248.1,465.4,175.7,2.2,725488,0
47.7,32.2,32.2,624041.7,107281.0,539.6,113.5,2.3,1007724,37.1,30.0,19.8,459112.8,62587.9,424.5,71.6,2.3,63076,1
36.3,28.7,29.4,533162.0,90813.6,609.7,110.7,2.2,363505,31.1,32.8,31.8,583368.8,83228.4,601.7,89.2,2.6,262802,0
30.7,23.7,29.0,497654.2,73465.2,573.5,109.7,2.5,146482,39.6,27.4,24.2,522154.3,75753.6,553.0,124.7,2.9,1161031,1
44.8,25.7,27.4,476126.3,90627.9,615.0,113.7,2.2,141076,44.3,29.2,26.9,434649.5,79218.5,565.0,85.7,2.5,703221,0
49.9,35.2,25.2,451105.4,83439.4,498.6,101.6,2.2,1395480,47.8,28.8,33.0,456830.6,94531.0,472.6,121.8,2.7,696724,0
41.2,26.1,23.2,448870.8,62371.8,474.4,92.8,2.4,524218,37.2,28.4,25.4,507011.2,77288.7,512.9,121.8,2.9,307285,0
45.1,29.3,24.4,451410.8,69463.8,422.1,125.2,2.4,118315,41.2,32.5,25.7,538645.2,86847.9,680.6,110.2,2.2,280317,1
31.4,30.5,34.3,605739.3,87643.4,610.5,75.3,2.3,143804,34.9333333333,25.2333333333,20.7666666667,393676.233333,62025.4,415.266666667,109.233333333,2.53333333333,456292,1
31.5,26.9,29.4666666667,508307.233333,76924.0666667,523.9,92.1333333333,2.56666666667,293655,32.3,32.3,28.6,451806.6,75421.4,556.7,104.9,1.3,183679,0
44.2,27.8,22.8,479439.8,74828.5,543.8,132.7,2.9,538538,47.8,22.0,23.0,415029.0,73493.6,389.6,183.1,1.9,24782,0
38.75,31.95,31.75,591318.05,94084.325,631.525,90.7,2.4,171287,41.9,35.5,36.7,576877.5,98327.9,633.5,101.1,2.5,54576,0
51.8,34.05,21.3,399896.05,65463.5,423.05,110.15,2.35,103239,34.1,25.9,29.2,517853.1,68356.1,553.7,93.7,3.0,619840,0
47.0,28.9,23.3,556667.1,77928.0,600.1,133.1,2.7,60084,35.9,28.8,24.7,469956.7,77254.2,587.3,137.5,1.5,557100,1
33.6,26.5,37.0,634948.6,106582.7,692.7,95.0,2.1,72094,41.2,33.6,31.9,595195.6,84893.9,551.0,97.7,2.5,464534,1
29.0,25.7,27.3,646439.4,80841.2,722.2,100.5,2.2,575513,39.9,27.4,23.3,453961.4,69370.5,480.5,122.9,2.5,722733,0
36.4,40.5,39.4,648389.5,102155.1,593.0,94.9,2.3,69208,44.9,28.4,22.7,618274.0,76401.0,528.7,126.9,2.4,389421,1
35.5,28.5,30.7,658372.8,93182.0,580.9,91.7,2.8,86098,52.2,26.9,21.6,445569.2,79251.1,451.8,150.0,3.4,222226,0
38.6,23.7,30.0,600501.1,85053.2,520.9,142.6,2.2,947818,35.3,28.0,29.6,684510.9,95863.2,781.7,114.3,2.4,128840,1
28.2,30.5,30.7,578122.0,82077.8,557.9,72.4,2.4,579952,32.6,36.6,21.875,472034.55,83872.75,405.4,153.725,1.75,986550,1
44.3,30.6,27.3,526578.0,89117.9,597.5,126.9,1.9,243763,48.9,29.8,27.5,575971.5,92479.4,579.8,126.4,2.9,509346,0
50.6,27.3,24.2,384748.0,69705.1,411.4,101.4,2.3,294036,34.7,32.8,39.7,559128.5,99184.2,661.3,98.1,2.9,285643,1
43.925,33.7,25.8,356166.55,76632.825,395.35,95.55,2.05,105955,33.6,24.0,20.0,339058.8,59824.1,420.6,61.0,3.0,120458,1
32.7,23.8,27.8,465240.2,76255.2,560.2,72.5,2.7,129427,31.9,23.0,29.0,484988.0,67155.3,528.5,84.2,3.0,411688,0
42.5,30.1,26.0,471513.2,62803.0,243.7,90.7,2.2,121869,49.4,29.0,27.0,523343.4,88763.6,590.6,109.6,2.6,426774,0
36.0,30.3,37.4,618919.5,91888.4,634.4,81.9,2.7,563583,44.3,27.3,28.8,621958.9,99479.3,737.5,111.4,2.9,277887,0
42.9,34.3,26.8,505169.2,85076.1,532.6,65.6,2.2,1280159,50.2,32.9,34.8,538461.5,108403.6,492.8,139.0,3.0,1826542,0
48.8,26.3,30.0,598640.4,93484.3,620.5,124.3,2.8,132118,39.1,33.3,32.9,567236.7,94602.6,527.6,66.0,2.3,51130,0
41.9,29.3333333333,22.8333333333,432660.066667,63882.5,490.966666667,105.6,2.23333333333,114984,39.9,35.7,30.9,641288.5,98014.5,547.2,122.5,1.9,148489,0
43.6,26.1,25.6,541754.9,88293.1,637.8,193.0,3.0,118918,43.3,30.7,20.5,453296.9,72466.6,520.7,158.5,2.8,281629,1
46.7,31.4,28.4,567631.5,79593.3,571.8,135.8,2.4,1655333,49.9,27.0,23.8,485042.9,72694.5,600.9,139.1,2.3,465366,0
39.7,29.9,28.5,360021.4,74246.1,403.0,100.8,2.1,910697,42.2,28.6,27.8,486118.0,83717.9,535.2,95.7,2.6,980991,0
42.4,29.7,30.2,563908.8,82478.8,519.9,95.3,2.0,195192,41.4,34.1,31.6,515974.2,86124.4,600.6,108.7,2.2,131559,0
39.8,41.0,34.0,556095.7,97697.2,472.8,40.1,2.6,104344,39.3,27.0,36.6,578969.8,90400.3,413.9,74.5,2.6,478804,1
42.2,28.0,34.1,602745.0,89035.1,573.3,106.8,2.4,133942,41.4,34.4,31.5,616326.3,95865.1,598.9,150.9,2.0,90816,0
41.1333333333,30.2,29.9,538281.9,93041.8666667,615.4,114.6,2.33333333333,480915,39.0,31.6,29.2,526306.0,94126.7,548.6,92.7,2.6,128184,1
38.8,26.5,25.0,603722.5,80276.4,650.9,97.3,2.5,115418,39.6,27.6,30.8,511701.3,74199.0,529.8,94.6,2.7,265874,1
51.8,31.7,25.4,584780.2,84248.1,603.2,129.3,3.2,806961,41.1,33.3,40.4,679987.0,111550.7,661.7,97.9,2.6,945066,1
54.0,25.8,33.0,612184.3,103507.0,524.8,172.9,3.1,1174684,45.2,34.4,38.6,570283.7,99508.7,769.4,120.4,2.9,926605,0
29.1,29.6,30.3,641844.1,75461.1,551.1,80.4,2.1,310413,48.3,36.4,34.8,524131.7,93844.6,565.9,101.9,2.1,165896,1
39.9,29.8,37.0,646572.1,100087.9,670.8,92.9,2.7,244410,38.6,28.8,31.7,550074.2,88629.9,588.2,96.2,2.4,261294,0
33.1,29.1,33.9,544900.9,87810.6,571.6,75.6,1.9,71692,59.6,30.2,24.3,478995.6,84009.5,481.6,85.2,2.4,368369,0
36.1,30.9,38.7,675483.3,108113.5,787.5,87.7,2.9,1326876,42.0,35.1,26.4,511868.0,79084.6,591.4,83.8,2.0,684067,1
43.7,31.8,25.8,443927.9,78989.8,477.7,107.2,2.0,323268,36.9,27.0,30.8,600847.1,90464.5,656.5,89.2,2.7,125107,0
44.4,24.8,32.2,611492.1,92959.4,677.6,95.2,3.2,190007,41.1,20.7,25.2,520380.8,69108.1,582.9,118.9,2.9,212400,0
44.2,32.7,26.8,595822.7,90215.4,648.4,121.9,2.1,548773,36.7,36.3,31.3,544271.4,92098.0,551.5,119.8,1.9,405249,0
40.6,29.9,27.0,617909.5,79906.9,558.2,195.2,2.5,213905,31.8,25.9,25.7,473593.4,71788.8,598.0,109.7,2.4,888107,1
44.6,30.4,29.7,524577.6,93567.0,567.4,161.3,2.0,337446,29.4,30.9,36.5,681875.6,96878.1,608.3,78.9,2.1,1797969,0
34.8,39.9,33.7,475082.0,84807.4,479.4,81.5,2.1,263031,40.1,38.3,24.5,498513.1,83174.5,416.9,60.4,2.4,83585,1
35.3,30.2,29.6,574444.3,89621.8,603.1,81.1,2.6,522449,38.8,32.5,30.9,558676.8,93291.2,712.6,104.4,2.1,227202,1
53.7,33.8,31.3,567260.8,99515.4,565.7,148.6,2.9,66921,34.9666666667,28.8,23.0,469525.366667,68420.4,551.966666667,113.533333333,2.43333333333,177487,1
45.9,30.4,31.2,673100.0,96609.4,722.5,105.5,3.2,372418,42.3,29.0,36.0,562004.7,95477.4,674.5,138.4,3.1,33821,1
41.0,28.7,31.7,540417.3,82991.7,397.5,153.9,3.0,71529,45.9,33.9,40.3,651451.5,112250.4,648.0,145.4,3.1,179909,0
42.0,30.65,32.25,638249.85,91810.575,481.25,134.5,3.025,390294,41.3,29.2,25.7,517143.5,87738.4,552.0,149.9,2.2,283188,0
42.8,22.9,22.5,431959.8,65835.4,481.0,138.1,2.6,1036445,45.1,26.7,23.9,519089.7,84629.7,625.4,175.3,2.5,1890130,0
34.1,26.8,29.8,583708.6,90425.0,715.3,81.9,3.4,307216,34.9666666667,29.9666666667,20.3333333333,400882.533333,58948.2,413.766666667,85.6666666667,1.9,250297,1
32.4,34.5,34.3,457741.0,90137.2,430.3,47.7,1.7,169644,33.7,39.8,36.8,591110.0,96636.6,518.9,103.4,2.3,676682,1
39.5,27.2,32.2,588563.6,85449.0,589.1,114.6,2.9,157602,41.7,32.3,33.9,544164.1,87069.5,483.2,125.1,2.7,292462,1
42.0,29.8,28.6,538878.7,94472.1,611.7,109.2,2.6,616356,34.0,28.7,31.0,533622.7,77652.0,473.1,83.4,2.2,1056556,0
40.4,32.7,29.8,532666.3,87126.1,526.5,138.3,2.3,76618,36.4,29.9,26.1,641791.6,80582.8,689.3,98.5,2.3,558764,0
45.0,33.3,33.0,533629.2,100480.5,657.6,132.9,2.9,543657,47.5,34.7,32.3,489489.6,88520.5,493.9,177.8,2.8,211819,0
33.1,27.0,30.2,502802.2,77497.8,686.8,109.6,2.5,367266,43.4,32.8,36.4,576277.4,101956.5,616.9,113.2,2.0,864704,0
42.6,22.5,30.2,520813.9,93925.4,589.1,133.9,2.5,631433,44.4,26.9,20.7,558335.7,75870.6,649.5,139.5,2.6,114649,0
30.9,25.8,23.1,487768.1,69589.3,459.7,98.2,2.3,324388,44.0,30.2,35.1,485799.5,87210.5,514.3,135.7,2.5,146146,0
38.2,28.9,32.3,589547.4,81955.3,533.6,166.9,2.1,240920,51.4,25.4,24.8,569938.7,73569.9,512.1,90.7,3.0,380480,1
32.8,31.0,27.0,397154.8,75174.1,424.7,73.6,2.0,823217,43.6,27.5,24.5,498967.9,70413.3,464.5,87.2,2.3,271295,1
39.8,27.9,28.1,630096.2,79790.7,560.6,98.2,2.5,331674,36.5,29.6,36.0,639862.7,86516.1,575.2,116.0,3.0,346958,1
33.8,32.7,25.6,482147.3,71504.4,647.6,80.8,2.0,690126,37.4,25.5,38.0,566475.9,88049.2,606.4,86.2,3.3,317154,0
47.1,32.7,32.1,509558.7,92407.8,550.3,122.7,2.6,136082,40.3,37.2,27.3,505374.7,78825.7,463.9,97.3,2.9,464501,1
49.3,35.7,32.5,555115.9,94943.4,622.3,119.1,2.7,707428,43.0,35.1,31.5,559187.7,89518.0,624.0,131.2,2.4,642127,0
49.7,33.2333333333,34.3666666667,472857.1,96995.8666667,471.466666667,117.566666667,2.63333333333,419709,41.8,28.1,37.6,608181.3,88117.6,615.6,108.9,2.5,230641,0
44.9,36.6,26.0,460812.5,81560.0,495.7,95.9,1.8,94830,44.8,33.8,27.4,604627.8,85581.0,518.3,129.1,2.4,336595,0
38.7,27.8,33.3,510194.3,78872.4,527.1,121.6,3.0,347029,46.6,29.2,31.7,488309.0,75847.8,425.7,164.6,3.0,238717,0
37.7,32.5,23.4,322273.6,55812.7,330.3,77.7,1.9,404433,36.2,31.9,26.5,419839.9,76007.5,368.8,61.5,2.4,224674,0
44.7,32.2,24.5,568874.4,78725.0,522.9,99.6,2.3,645993,50.7,29.9,28.5,496021.7,104934.7,512.7,82.2,3.1,357767,0
33.85,24.15,21.15,473874.8,70143.1,568.1,61.95,2.4,15016,46.5,28.2,20.6,438191.9,77421.0,428.7,150.7,2.0,50211,0
36.6,37.1,39.7,660846.1,114404.1,709.4,101.8,2.3,1335774,46.4,32.5,33.9,605040.3,99019.8,646.7,122.5,2.6,519393,0
38.3,32.6,28.4,469597.9,81875.7,468.2,90.4,2.6,466865,32.1,27.0,28.8,531648.8,72656.3,430.8,98.9,1.9,327217,1
42.7,33.7,35.4,565740.7,106283.2,662.4,81.5,2.2,53625,37.9,31.9,33.1,589916.3,90418.6,603.8,92.6,2.2,73609,0
37.7571428571,33.1714285714,32.0857142857,664064.671429,93687.4428571,510.771428571,121.542857143,2.08571428571,119151,44.9,33.0,30.3,532266.9,84032.2,627.7,104.4,2.3,158739,0
33.1,32.5,38.9,612147.9,116224.6,659.9,80.6,2.1,304314,47.0,29.7,25.4,443347.4,75775.7,424.7,131.1,2.2,282574,1
44.6,33.6,27.9,498191.1,82909.1,525.2,167.6,2.3,164595,48.6,20.1,23.4,497675.2,76968.2,469.1,145.3,3.3,1080318,0
38.1,32.8,25.5,714086.6,80774.3,598.0,84.8,1.8,91595,30.6666666667,33.1666666667,24.4333333333,543940.666667,82941.9333333,592.7,86.8,1.9,231534,1
43.7,31.4,37.0,655179.6,107827.4,618.0,101.4,2.5,163825,45.6,24.0,38.3,530131.9,89439.3,529.4,136.4,2.9,130326,0
46.9,36.7,26.2,610282.4,90359.2,538.0,87.0,2.5,181876,37.1,30.2,32.4,587431.5,96633.0,631.3,122.3,2.3,191124,0
38.7,27.8,32.2,572089.6,87522.1,669.3,92.6,1.9,103353,47.2761904762,34.8857142857,31.7047619048,639640.604762,101608.62381,686.980952381,88.8142857143,2.07619047619,104080,0
34.9,28.6,26.1,591633.6,80225.1,599.1,102.5,2.7,128680,42.6,35.2,32.8,533047.2,90967.9,536.2,145.2,2.4,2043294,1
41.3,33.0,25.3,488263.9,82468.1,515.4,78.5,2.0,146619,33.6,23.8,29.8,550836.9,85640.3,638.0,91.7,2.7,626604,0
33.1,26.0,28.3,519039.5,85172.2,572.1,110.2,2.6,266448,41.2,19.7,24.2,403899.5,69851.2,442.4,112.8,2.7,554805,0
45.8,36.0,37.0,633569.4,100688.3,630.5,86.0,2.7,198609,32.4,30.675,25.95,515511.425,72391.275,538.55,98.625,2.275,51688,1
38.4,28.3,38.1,577512.7,111139.8,687.4,132.7,3.1,117965,39.5,23.7,34.7,550083.4,82074.0,531.6,105.5,2.6,255344,0
39.4,25.7,24.1,458089.3,71758.1,526.4,116.8,1.9,127263,38.3,26.8,30.7,462918.5,83338.0,449.1,112.2,2.9,237749,0
44.7,33.6,33.8,528114.1,92611.2,502.4,99.1,2.2,372808,48.8,30.0,20.6,414718.0,73138.0,415.8,138.5,1.9,166836,0
33.5,29.8,31.4,521855.4,81788.4,448.6,70.0,2.3,174338,45.2,37.6,35.6,580562.2,98415.0,632.9,107.0,2.7,779680,1
38.1,33.4,24.5,478039.3,78680.9,531.3,94.7,1.6,251913,42.8,25.7,27.8,468650.5,86011.5,491.3,104.1,2.6,229984,1
49.0,28.5,21.7,500469.1,82543.4,579.1,139.9,2.8,260307,39.9,33.2,28.7,558855.3,101156.3,638.9,135.8,2.3,203937,1
37.4,25.2,27.3,531955.0,72433.5,542.9,84.4,2.9,380452,46.5,31.3,27.2,585441.5,92918.8,682.7,174.4,2.7,120813,1
52.8,33.9,29.4,567574.8,89562.2,445.5,93.5,2.9,347192,42.4,34.6,26.7,485300.6,77583.5,550.4,126.4,2.1,632162,1
34.9,31.9,29.0,606841.5,88180.9,601.1,140.8,2.2,186070,32.4857142857,23.6857142857,36.8428571429,715844.785714,99200.7,763.271428571,101.342857143,2.52857142857,131465,1
37.3,31.1,25.5,493935.9,79525.3,530.5,79.5,2.9,406518,41.4,29.6,25.1,476500.2,70873.6,373.3,142.7,2.5,212506,1
48.5,26.5,30.9,666683.2,101164.2,526.1,152.1,3.1,215029,31.3,31.2,37.5,557422.9,94350.5,609.0,81.5,2.2,169171,1
35.6,23.4,16.3,496286.9,64685.3,609.4,89.3,2.0,554925,39.7,34.4,33.2,605162.7,102323.0,663.6,125.0,2.2,343362,0
45.5,33.1,29.7,492519.2,91383.9,613.5,134.0,2.2,196834,48.7,29.3,33.9,587186.3,94498.6,678.9,125.6,2.8,400975,0
44.4,26.1,38.1,497109.3,87291.1,470.4,88.7,2.8,385889,39.2,33.1,30.5,571831.0,81249.8,504.5,84.2,2.2,212587,1
43.3,39.7,33.8,527976.6,94355.5,454.7,65.0,2.2,120627,36.0,31.8,31.7,544568.1,79956.4,513.4,59.3,2.0,583522,0
39.2,25.0,26.6,526489.7,80558.4,639.9,97.4,2.4,204476,34.4,31.8,30.1,589652.7,81861.3,607.1,86.2,2.4,402752,1
44.2,31.6,34.7,503400.2,98344.9,520.6,72.6,2.6,127184,40.2,30.1,28.0,515490.5,88387.1,549.5,106.4,2.6,85110,1
35.0,25.9,30.2,523247.0,75927.9,588.8,116.2,2.6,188316,47.2,33.6,34.3,526389.9,100371.5,503.3,139.4,2.9,176843,1
37.4,33.7,29.0,549450.0,88503.2,611.2,83.3,2.0,140057,53.5,30.6,28.8,477600.7,82031.7,504.8,148.7,1.9,267514,0
40.5,30.1,36.2,634419.4,86859.0,552.6,97.2,1.9,264351,34.4,26.3,25.1,524353.2,81442.0,645.9,129.8,2.3,157807,0
45.7,36.2,35.9,560132.2,105038.8,540.6,57.3,3.0,434095,44.3,29.6,18.2,453948.1,70417.6,503.0,115.4,2.2,298574,1
49.4,32.9,32.7,668449.5,101000.8,617.4,139.5,2.6,756449,38.6,31.8,31.9,592225.4,96122.4,660.9,82.0,2.2,67667,1
50.6,31.3,27.8,585597.2,79151.1,632.9,126.5,2.8,1016751,43.3,27.3,31.9,621281.1,89173.5,633.2,141.5,2.9,323153,0
38.7,33.3,29.0,504752.6,73922.0,477.2,130.4,2.0,459081,36.9,31.9,26.9,620981.6,81286.6,668.0,95.0,2.0,1141304,1
35.7,33.4,24.5,461375.0,75536.8,569.7,90.6,2.3,133288,47.6,29.3333333333,28.1333333333,437248.8,79396.8333333,455.566666667,123.233333333,2.16666666667,357042,0
39.6,28.1,29.5,566644.7,82234.9,570.6,111.0,2.6,407390,36.5,25.1,28.8,492569.2,74115.5,526.9,83.4,3.0,63593,0
33.0,26.2,33.0,583152.3,78397.5,586.9,90.5,2.7,1352303,41.7,28.6,34.7,613821.9,95599.6,647.0,107.7,2.5,305609,0
49.5,29.2,21.3,576269.9,85289.2,503.5,114.1,3.0,234446,43.7666666667,32.3666666667,29.2,588951.566667,89797.5333333,625.5,89.5,2.26666666667,49492,1
46.5,24.6,27.8,514319.8,86948.8,576.3,108.3,3.1,846786,45.0,34.8,40.6,625148.6,112377.9,590.8,114.1,3.0,920002,1
45.3,33.3,36.2,566761.4,92259.3,543.3,123.6,2.6,634242,37.4,25.9,33.1,652393.7,101613.7,819.3,106.2,2.5,129822,1
36.2,28.7,28.2,651583.5,89263.1,701.0,102.5,2.2,1017019,44.2,22.4,29.1,553705.0,96808.3,720.9,142.5,2.6,324096,1
38.2,29.1,31.7,510852.9,87454.8,588.0,119.7,2.0,464571,48.0,29.4,28.7,498548.6,77744.4,505.4,132.4,3.3,481603,0
40.6,34.8,37.5,591339.8,96341.4,529.2,122.6,2.5,296313,51.8,30.6,29.3,526217.8,90077.2,524.4,104.6,2.7,235467,0
41.4,24.6,33.5,547103.4,74906.3,483.6,124.1,2.9,236573,51.6,31.3,32.8,585469.1,97328.6,650.3,135.0,2.8,385253,1
37.4,34.7,35.1,617799.0,95122.1,719.0,114.3,2.4,129607,39.4,35.4,27.4,637159.0,92676.2,575.5,115.7,2.2,414167,1
42.4,29.7,38.4,668515.6,107056.6,659.9,151.4,3.0,241595,30.1,28.9,26.4,516033.3,70030.6,619.7,89.8,2.1,133304,1
39.3,33.2,32.0,513495.0,86526.7,533.0,90.5,2.3,88913,48.1,24.6,30.6,522425.9,82108.3,563.8,186.0,3.4,690242,1
52.7,26.9,22.0,458349.4,75630.0,381.9,148.4,2.7,185315,37.4,32.9,41.2,674920.3,105860.6,481.1,112.6,2.4,1602571,1
39.0,33.8,29.7,620475.0,94632.4,666.3,83.5,2.0,156590,44.5,29.55,25.65,450181.15,76233.55,539.1,94.95,2.6,218977,0
35.1,25.0,28.5,517984.4,80158.5,642.9,126.0,2.5,689153,53.8,27.9,25.3,517119.7,84839.4,593.8,179.3,2.8,473134,1
43.0,30.1,25.1,527839.2,69095.2,496.8,120.6,2.5,270366,49.0,29.8,33.2,546289.6,97690.8,642.4,132.7,2.8,354061,1
36.0,31.6,29.4,514850.8,91204.0,561.5,82.2,2.4,659830,37.9,31.1,27.7,597002.0,95022.3,634.3,108.9,2.3,450588,1
45.3,28.7,31.4,614478.9,96050.3,623.7,127.6,2.8,228556,44.3,28.6,38.6,640002.4,109958.9,726.4,96.0,3.1,367183,0
41.7,27.3,36.5,589920.2,107486.6,645.8,116.4,2.8,179532,47.35,31.6,30.5,515499.4,82016.4,551.5,106.8,2.7,270698,1
44.2,34.4,24.6,622404.9,73865.5,538.7,130.7,2.5,61506,40.1,27.8,25.5,583749.4,86899.8,700.2,111.5,2.1,690967,0
35.7,28.0,26.6,531063.7,77927.1,510.8,67.4,2.7,90845,47.0,28.3,35.0,542565.2,95222.9,638.5,91.2,2.6,263156,0
49.2,34.7,30.5,518096.5,96404.5,486.7,131.8,2.8,271451,44.9,23.2,22.9,462442.2,74953.4,516.7,120.6,2.3,646434,1
40.7,34.7,32.8,541474.1,90711.6,584.0,91.9,2.1,703975,51.1,30.2,27.8,481917.3,87311.9,613.2,124.4,2.8,268732,0
38.2,31.7,25.0,455160.2,74316.7,522.9,70.1,1.7,83304,34.1,36.9,27.3,527750.3,81354.5,583.1,60.2,1.7,130991,1
39.5,23.6,23.4,471725.4,60047.9,386.4,110.1,2.4,137938,39.3,33.9,16.9,381210.2,64293.4,443.1,72.5,1.5,218970,1
45.4,33.3,35.5,597471.7,102780.3,452.4,79.0,2.2,953594,39.9,40.9,31.2,481944.8,82806.1,486.5,72.0,2.2,228341,1
37.1,31.2,36.9,545225.2,84421.9,484.7,133.2,3.0,254919,45.4,27.2,28.1,554415.4,83721.8,716.6,132.4,2.7,98964,0
39.9,29.8,30.7,600500.3,95892.3,617.8,80.5,2.6,899800,38.4,25.2,30.2,567861.5,78949.7,664.5,129.2,3.0,83253,0
31.2666666667,26.7,32.4333333333,828743.066667,93391.6,792.033333333,109.6,1.73333333333,197093,34.0,32.7,35.2,586535.6,91301.9,671.0,92.9,2.1,302508,1
39.9,35.6,46.2,597488.5,115682.3,573.6,90.0,2.8,115680,46.8,29.4,31.7,560919.2,88409.5,549.6,142.1,2.0,435961,0
43.4,30.9,27.3,549004.2,81036.3,448.4,104.2,2.2,537902,43.0,33.0,28.3,535585.0,87319.4,622.6,102.4,2.3,327897,1
41.8,32.7,30.2,594593.3,87561.2,640.9,119.3,2.7,279108,43.5,31.0,23.9,569427.3,82016.7,516.4,130.5,2.7,74277,0
40.3,38.4,35.0,634394.6,110498.4,742.8,99.1,2.5,89522,45.7,30.9,21.5,454757.0,73468.6,472.3,96.8,2.0,226013,0
